link,ts[deciseconds],state,errors,lat[deg/10000],lon[deg/10000],altitude[m],velocity[m/s],battery[decivolts],pyro1,pyro2
1,3228,5,0,393954,-82921,2303,4,79,0,0
1,3237,5,0,393954,-82921,2304,0,79,0,0
1,3243,5,0,393954,-82921,2301,-1,79,0,0
1,3244,5,0,393954,-82921,2300,-2,79,0,0
1,3247,5,0,393954,-82921,2293,-7,79,0,0
1,3252,5,0,393954,-82921,2287,-9,79,0,0
2,3252,5,0,393954,-82921,2287,-9,79,0,0
1,3254,5,0,393954,-82921,2278,-17,79,0,0
2,3254,5,0,393954,-82921,2278,-17,79,0,0
1,3255,5,0,393954,-82921,2276,-17,79,0,0
1,3261,5,0,393954,-82921,2264,-17,79,0,0
1,3267,5,0,393954,-82921,2255,-15,79,0,0
2,3267,5,0,393954,-82921,2255,-15,79,0,0
1,3271,5,0,393954,-82921,2250,-14,79,0,0
2,3271,5,0,393954,-82921,2250,-14,79,0,0
1,3276,5,0,393954,-82921,2242,-15,79,0,0
2,3276,5,0,393954,-82921,2242,-15,79,0,0
1,3279,5,0,393954,-82921,2242,-11,79,0,0
1,3284,5,0,393954,-82921,2241,-7,79,0,0
2,3284,5,0,393954,-82921,2241,-7,79,0,0
1,3285,5,0,393954,-82921,2240,-8,79,0,0
2,3285,5,0,393954,-82921,2240,-8,79,0,0
1,3290,5,0,393954,-82921,2230,-12,79,0,0
2,3290,5,0,393954,-82921,2230,-12,79,0,0
1,3292,5,0,393954,-82921,2225,-15,79,0,0
2,3292,5,0,393954,-82921,2225,-15,79,0,0
1,3293,5,0,393954,-82921,2222,-16,79,0,0
1,3294,5,0,393954,-82921,2219,-17,79,0,0
2,3294,5,0,393954,-82921,2219,-17,79,0,0
1,3295,5,0,393954,-82921,2217,-17,79,0,0
2,3296,5,0,393954,-82921,2216,-17,78,0,0
1,3297,5,0,393954,-82921,2214,-18,79,0,0
1,3298,5,0,393954,-82921,2212,-17,79,0,0
2,3298,5,0,393954,-82921,2212,-17,79,0,0
1,3300,5,0,393954,-82921,2211,-15,81,0,0
1,3301,5,0,393954,-82921,2210,-14,79,0,0
2,3301,5,0,393954,-82921,2210,-14,79,0,0
1,3302,5,0,393954,-82921,2209,-14,79,0,0
2,3302,5,0,393954,-82921,2209,-14,79,0,0
1,3303,5,0,393954,-82921,2207,-14,79,0,0
2,3303,5,0,393954,-82921,2207,-14,79,0,0
1,3307,5,0,393954,-82921,2204,-12,79,0,0
2,3307,5,0,393954,-82921,2204,-12,79,0,0
1,3308,5,0,393954,-82921,2203,-11,79,0,0
2,3308,5,0,393954,-82921,2203,-11,79,0,0
1,3309,5,0,393954,-82921,2204,-10,79,0,0
2,3309,5,0,393954,-82921,2204,-10,79,0,0
1,3315,5,0,393954,-82921,2195,-11,79,0,0
1,3320,5,0,393954,-82921,2190,-10,79,0,0
2,3327,5,0,393954,-82921,2180,-12,79,0,0
1,3330,5,0,393954,-82921,2176,-12,79,0,0
2,3330,5,0,393954,-82921,2176,-12,79,0,0
1,3331,5,0,393954,-82921,2175,-13,79,0,0
1,3332,5,0,393954,-82921,2174,-12,79,0,0
2,3332,5,0,393954,-82921,2174,-12,79,0,0
1,3333,5,0,393954,-82921,2173,-11,78,0,0
2,3333,5,0,393954,-82921,2173,-11,78,0,0
1,3334,5,0,393954,-82921,2172,-11,79,0,0
2,3334,5,0,393954,-82921,2172,-11,79,0,0
1,3335,5,0,393954,-82921,2171,-11,79,0,0
1,3338,5,0,393954,-82921,2166,-13,79,0,0
2,3338,5,0,393954,-82921,2166,-13,79,0,0
1,3339,5,0,393954,-82921,2164,-14,79,0,0
1,3340,5,0,393954,-82921,2162,-14,79,0,0
1,3341,5,0,393954,-82921,2161,-14,79,0,0
2,3341,5,0,393954,-82921,2161,-14,79,0,0
1,3342,5,0,393954,-82921,2159,-14,79,0,0
1,3343,5,0,393954,-82921,2158,-13,79,0,0
2,3343,5,0,393954,-82921,2158,-13,79,0,0
1,3344,5,0,393954,-82921,2158,-12,79,0,0
1,3346,5,0,393954,-82921,2157,-11,78,0,0
2,3346,5,0,393954,-82921,2157,-11,78,0,0
1,3347,5,0,393954,-82921,2157,-10,79,0,0
2,3347,5,0,393954,-82921,2157,-10,79,0,0
1,3348,5,0,393954,-82921,2156,-10,79,0,0
2,3348,5,0,393954,-82921,2156,-10,79,0,0
2,3349,5,0,393954,-82921,2154,-10,78,0,0
1,3350,5,0,393954,-82921,2153,-11,78,0,0
1,3351,5,0,393954,-82921,2152,-11,78,0,0
2,3351,5,0,393954,-82921,2152,-11,78,0,0
1,3353,5,0,393954,-82921,2151,-10,79,0,0
1,3354,5,0,393954,-82921,2150,-9,79,0,0
1,3356,5,0,393954,-82921,2151,-7,78,0,0
2,3356,5,0,393954,-82921,2151,-7,78,0,0
1,3357,5,0,393954,-82921,2151,-6,78,0,0
2,3357,5,0,393954,-82921,2151,-6,78,0,0
1,3358,5,0,393954,-82921,2151,-5,79,0,0
2,3358,5,0,393954,-82921,2151,-5,79,0,0
1,3359,5,0,393954,-82921,2150,-6,79,0,0
2,3359,5,0,393954,-82921,2150,-6,79,0,0
2,3362,5,0,393954,-82921,2144,-9,79,0,0
1,3363,5,0,393954,-82921,2142,-11,78,0,0
2,3363,5,0,393954,-82921,2142,-11,78,0,0
1,3364,5,0,393954,-82921,2139,-12,79,0,0
2,3364,5,0,393954,-82921,2139,-12,79,0,0
1,3365,5,0,393954,-82921,2138,-12,78,0,0
1,3366,5,0,393954,-82921,2138,-11,78,0,0
2,3366,5,0,393954,-82921,2138,-11,78,0,0
1,3367,5,0,393954,-82921,2136,-11,78,0,0
2,3367,5,0,393954,-82921,2136,-11,78,0,0
1,3371,5,0,393954,-82921,2128,-14,78,0,0
2,3371,5,0,393954,-82921,2128,-14,78,0,0
2,3372,5,0,393954,-82921,2126,-15,78,0,0
1,3373,5,0,393954,-82921,2125,-14,79,0,0
2,3373,5,0,393954,-82921,2125,-14,79,0,0
1,3374,5,0,393954,-82921,2124,-14,78,0,0
2,3374,5,0,393954,-82921,2124,-14,78,0,0
1,3375,5,0,393954,-82921,2123,-13,79,0,0
1,3391,5,0,393954,-82921,2104,-11,78,0,0
1,3400,5,0,393954,-82921,2090,-13,78,0,0
1,3403,5,0,393954,-82921,2084,-15,78,0,0
2,3403,5,0,393954,-82921,2084,-15,78,0,0
1,3404,5,0,393954,-82921,2082,-15,78,0,0
2,3404,5,0,393954,-82921,2082,-15,78,0,0
1,3405,5,0,393954,-82921,2081,-15,78,0,0
2,3405,5,0,393954,-82921,2081,-15,78,0,0
1,3406,5,0,393954,-82921,2079,-15,79,0,0
2,3406,5,0,393954,-82921,2079,-15,79,0,0
1,3407,5,0,393954,-82921,2078,-15,78,0,0
2,3407,5,0,393954,-82921,2078,-15,78,0,0
1,3409,5,0,393954,-82921,2074,-16,78,0,0
2,3409,5,0,393954,-82921,2074,-16,78,0,0
1,3411,5,0,393954,-82921,2071,-15,78,0,0
2,3411,5,0,393954,-82921,2071,-15,78,0,0
1,3412,5,0,393954,-82921,2072,-13,78,0,0
2,3412,5,0,393954,-82921,2072,-13,78,0,0
1,3413,5,0,393954,-82921,2072,-12,78,0,0
2,3413,5,0,393954,-82921,2072,-12,78,0,0
1,3414,5,0,393954,-82921,2072,-10,79,0,0
2,3414,5,0,393954,-82921,2072,-10,79,0,0
1,3416,5,0,393954,-82921,2072,-9,78,0,0
2,3416,5,0,393954,-82921,2072,-9,78,0,0
1,3417,5,0,393954,-82921,2071,-8,78,0,0
2,3417,5,0,393954,-82921,2071,-8,78,0,0
1,3418,5,0,393954,-82921,2071,-8,78,0,0
2,3418,5,0,393954,-82921,2071,-8,78,0,0
1,3419,5,0,393862,-82738,2069,-8,78,0,0
1,3420,5,0,393862,-82738,2067,-10,78,0,0
1,3421,5,0,393862,-82737,2065,-11,78,0,0
2,3421,5,0,393862,-82737,2065,-11,78,0,0
1,3424,5,0,393862,-82737,2062,-11,78,0,0
1,3425,5,0,393863,-82737,2062,-9,78,0,0
2,3425,5,0,393863,-82737,2062,-9,78,0,0
1,3427,5,0,393863,-82737,2059,-10,78,0,0
2,3427,5,0,393863,-82737,2059,-10,78,0,0
2,3428,5,0,393863,-82737,2057,-11,78,0,0
1,3429,5,0,393863,-82737,2054,-13,78,0,0
2,3429,5,0,393863,-82737,2054,-13,78,0,0
1,3430,5,0,393863,-82737,2052,-14,78,0,0
2,3430,5,0,393863,-82737,2052,-14,78,0,0
1,3433,5,0,393863,-82737,2048,-14,79,0,0
2,3433,5,0,393863,-82737,2048,-14,79,0,0
1,3434,5,0,393863,-82737,2047,-13,78,0,0
2,3434,5,0,393863,-82737,2047,-13,78,0,0
1,3435,5,0,393864,-82737,2045,-13,78,0,0
2,3435,5,0,393864,-82737,2045,-13,78,0,0
1,3436,5,0,393864,-82737,2044,-13,78,0,0
2,3436,5,0,393864,-82737,2044,-13,78,0,0
1,3443,5,0,393864,-82738,2026,-21,78,0,0
2,3443,5,0,393864,-82738,2026,-21,78,0,0
2,3447,5,0,393864,-82738,2019,-20,78,0,0
1,3448,5,0,393864,-82738,2017,-20,78,0,0
1,3452,5,0,393864,-82737,2013,-16,78,0,0
2,3455,5,0,393864,-82737,2009,-15,78,0,0
1,3459,5,0,393864,-82737,2005,-13,79,0,0
2,3459,5,0,393864,-82737,2005,-13,79,0,0
1,3460,5,0,393864,-82737,2004,-13,78,0,0
2,3460,5,0,393864,-82737,2004,-13,78,0,0
1,3461,5,0,393864,-82737,2002,-13,78,0,0
1,3462,5,0,393864,-82737,2001,-13,78,0,0
1,3464,5,0,393864,-82737,1999,-12,77,0,0
2,3464,5,0,393864,-82737,1999,-12,77,0,0
1,3465,5,0,393864,-82737,1998,-12,76,0,0
2,3465,5,0,393864,-82737,1998,-12,76,0,0
1,3466,5,0,393864,-82737,1997,-11,78,0,0
2,3466,5,0,393864,-82737,1997,-11,78,0,0
1,3467,5,0,393865,-82737,1997,-11,78,0,0
2,3467,5,0,393865,-82737,1997,-11,78,0,0
1,3468,5,0,393865,-82737,1996,-10,78,0,0
2,3468,5,0,393865,-82737,1996,-10,78,0,0
1,3470,5,0,393865,-82737,1994,-10,78,0,0
1,3471,5,0,393865,-82737,1993,-11,78,0,0
2,3471,5,0,393865,-82737,1993,-11,78,0,0
1,3473,5,0,393865,-82736,1990,-11,78,0,0
1,3474,5,0,393865,-82736,1988,-11,79,0,0
2,3474,5,0,393865,-82736,1988,-11,79,0,0
1,3475,5,0,393865,-82736,1987,-12,78,0,0
2,3475,5,0,393865,-82736,1987,-12,78,0,0
1,3476,5,0,393865,-82736,1985,-12,78,0,0
2,3476,5,0,393865,-82736,1985,-12,78,0,0
1,3480,5,0,393865,-82736,1981,-11,78,0,0
1,3481,5,0,393865,-82736,1981,-10,78,0,0
1,3482,5,0,393865,-82736,1981,-10,78,0,0
1,3483,5,0,393866,-82736,1980,-9,79,0,0
2,3483,5,0,393866,-82736,1980,-9,79,0,0
1,3484,5,0,393866,-82736,1979,-9,79,0,0
2,3484,5,0,393866,-82736,1979,-9,79,0,0
1,3485,5,0,393866,-82736,1978,-10,78,0,0
2,3485,5,0,393866,-82736,1978,-10,78,0,0
1,3486,5,0,393866,-82736,1976,-10,78,0,0
1,3489,5,0,393866,-82736,1973,-10,78,0,0
2,3489,5,0,393866,-82736,1973,-10,78,0,0
1,3490,5,0,393866,-82736,1972,-10,79,0,0
2,3490,5,0,393866,-82736,1972,-10,79,0,0
1,3491,5,0,393866,-82736,1971,-10,79,0,0
1,3492,5,0,393866,-82736,1970,-10,78,0,0
2,3492,5,0,393866,-82736,1970,-10,78,0,0
1,3493,5,0,393866,-82736,1969,-10,78,0,0
2,3493,5,0,393866,-82736,1969,-10,78,0,0
2,3494,5,0,393866,-82736,1968,-10,79,0,0
1,3497,5,0,393866,-82736,1966,-9,78,0,0
2,3497,5,0,393866,-82736,1966,-9,78,0,0
1,3498,5,0,393866,-82736,1965,-9,78,0,0
2,3498,5,0,393866,-82736,1965,-9,78,0,0
2,3499,5,0,393866,-82736,1963,-10,79,0,0
1,3500,5,0,393866,-82736,1962,-10,79,0,0
2,3500,5,0,393866,-82736,1962,-10,79,0,0
1,3501,5,0,393866,-82736,1960,-11,79,0,0
2,3501,5,0,393866,-82736,1960,-11,79,0,0
1,3502,5,0,393866,-82736,1959,-11,79,0,0
1,3504,5,0,393867,-82736,1955,-12,78,0,0
2,3504,5,0,393867,-82736,1955,-12,78,0,0
1,3505,5,0,393867,-82737,1953,-13,79,0,0
2,3505,5,0,393867,-82737,1953,-13,79,0,0
1,3506,5,0,393867,-82737,1952,-13,79,0,0
1,3507,5,0,393867,-82737,1950,-13,79,0,0
2,3507,5,0,393867,-82737,1950,-13,79,0,0
1,3509,5,0,393867,-82737,1948,-13,79,0,0
2,3509,5,0,393867,-82737,1948,-13,79,0,0
1,3510,5,0,393867,-82737,1947,-12,79,0,0
2,3510,5,0,393867,-82737,1947,-12,79,0,0
1,3514,5,0,393867,-82737,1944,-11,78,0,0
1,3515,5,0,393868,-82737,1942,-11,78,0,0
2,3515,5,0,393868,-82737,1942,-11,78,0,0
1,3516,5,0,393868,-82737,1941,-11,78,0,0
2,3516,5,0,393868,-82737,1941,-11,78,0,0
1,3517,5,0,393868,-82737,1940,-11,78,0,0
2,3517,5,0,393868,-82737,1940,-11,78,0,0
1,3518,5,0,393868,-82737,1939,-11,79,0,0
2,3518,5,0,393868,-82737,1939,-11,79,0,0
1,3520,5,0,393868,-82737,1936,-12,79,0,0
2,3520,5,0,393868,-82737,1936,-12,79,0,0
1,3521,5,0,393868,-82737,1934,-12,79,0,0
1,3523,5,0,393868,-82737,1932,-12,79,0,0
2,3523,5,0,393868,-82737,1932,-12,79,0,0
1,3527,5,0,393869,-82737,1930,-10,79,0,0
2,3527,5,0,393869,-82737,1930,-10,79,0,0
1,3531,5,0,393869,-82737,1931,-5,78,0,0
2,3531,5,0,393869,-82737,1931,-5,78,0,0
1,3534,5,0,393869,-82737,1928,-6,78,0,0
2,3537,5,0,393870,-82737,1922,-10,79,0,0
1,3537,5,0,393870,-82737,1922,-10,79,0,0
1,3538,5,0,393870,-82737,1919,-11,79,0,0
2,3538,5,0,393870,-82737,1919,-11,79,0,0
1,3539,5,0,393870,-82737,1918,-12,79,0,0
1,3540,5,0,393870,-82737,1916,-12,79,0,0
2,3540,5,0,393870,-82737,1916,-12,79,0,0
1,3541,5,0,393870,-82736,1915,-12,78,0,0
2,3541,5,0,393870,-82736,1915,-12,78,0,0
1,3542,5,0,393870,-82736,1914,-12,79,0,0
1,3544,5,0,393870,-82736,1910,-13,79,0,0
1,3545,5,0,393870,-82737,1908,-14,78,0,0
2,3545,5,0,393870,-82737,1908,-14,78,0,0
1,3546,5,0,393870,-82737,1907,-13,79,0,0
2,3546,5,0,393870,-82737,1907,-13,79,0,0
1,3547,5,0,393870,-82737,1907,-13,79,0,0
2,3547,5,0,393870,-82737,1907,-13,79,0,0
1,3548,5,0,393870,-82737,1904,-14,79,0,0
1,3549,5,0,393870,-82737,1902,-15,78,0,0
2,3549,5,0,393870,-82737,1902,-15,78,0,0
2,3552,5,0,393870,-82737,1896,-16,78,0,0
1,3553,5,0,393870,-82737,1895,-15,79,0,0
2,3553,5,0,393870,-82737,1895,-15,79,0,0
1,3554,5,0,393870,-82737,1893,-16,78,0,0
2,3554,5,0,393870,-82737,1893,-16,78,0,0
1,3555,5,0,393870,-82737,1890,-17,79,0,0
2,3555,5,0,393870,-82737,1890,-17,79,0,0
1,3556,5,0,393870,-82737,1888,-17,79,0,0
2,3556,5,0,393870,-82737,1888,-17,79,0,0
1,3557,5,0,393870,-82737,1886,-17,79,0,0
2,3558,5,0,393870,-82737,1885,-16,79,0,0
1,3559,5,0,393870,-82737,1884,-16,79,0,0
1,3560,5,0,393870,-82737,1883,-15,79,0,0
2,3560,5,0,393870,-82737,1883,-15,79,0,0
1,3561,5,0,393870,-82737,1882,-14,79,0,0
2,3561,5,0,393870,-82737,1882,-14,79,0,0
1,3562,5,0,393870,-82737,1881,-14,79,0,0
2,3562,5,0,393870,-82737,1881,-14,79,0,0
1,3563,5,0,393870,-82737,1880,-14,78,0,0
2,3563,5,0,393870,-82737,1880,-14,78,0,0
1,3565,5,0,393870,-82737,1878,-13,79,0,0
2,3565,5,0,393870,-82737,1878,-13,79,0,0
1,3567,5,0,393870,-82737,1876,-12,79,0,0
1,3571,5,0,393870,-82737,1873,-10,79,0,0
2,3571,5,0,393870,-82737,1873,-10,79,0,0
1,3572,5,0,393870,-82737,1873,-9,78,0,0
2,3572,5,0,393870,-82737,1873,-9,78,0,0
1,3573,5,0,393870,-82737,1873,-9,78,0,0
1,3574,5,0,393870,-82737,1872,-9,78,0,0
2,3574,5,0,393870,-82737,1872,-9,78,0,0
1,3577,5,0,393870,-82737,1869,-9,79,0,0
2,3577,5,0,393870,-82737,1869,-9,79,0,0
1,3578,5,0,393870,-82737,1868,-9,79,0,0
2,3578,5,0,393870,-82737,1868,-9,79,0,0
1,3579,5,0,393870,-82737,1867,-9,79,0,0
1,3580,5,0,393870,-82737,1866,-9,79,0,0
2,3580,5,0,393870,-82737,1866,-9,79,0,0
1,3581,5,0,393870,-82737,1865,-9,79,0,0
2,3581,5,0,393870,-82737,1865,-9,79,0,0
1,3582,5,0,393870,-82737,1865,-8,78,0,0
1,3585,5,0,393870,-82737,1864,-7,79,0,0
2,3585,5,0,393870,-82737,1864,-7,79,0,0
1,3586,5,0,393870,-82737,1862,-7,79,0,0
2,3586,5,0,393870,-82737,1862,-7,79,0,0
1,3587,5,0,393870,-82737,1861,-8,79,0,0
2,3587,5,0,393870,-82737,1861,-8,79,0,0
1,3588,5,0,393870,-82737,1860,-9,79,0,0
2,3588,5,0,393870,-82737,1860,-9,79,0,0
2,3589,5,0,393870,-82737,1858,-9,79,0,0
1,3590,5,0,393870,-82737,1857,-10,79,0,0
2,3590,5,0,393870,-82737,1857,-10,79,0,0
1,3593,5,0,393870,-82737,1852,-11,78,0,0
2,3593,5,0,393870,-82737,1852,-11,78,0,0
1,3594,5,0,393870,-82737,1850,-12,78,0,0
2,3594,5,0,393870,-82737,1850,-12,78,0,0
1,3595,5,0,393870,-82737,1850,-11,79,0,0
2,3595,5,0,393870,-82737,1850,-11,79,0,0
1,3596,5,0,393870,-82737,1850,-9,79,0,0
2,3596,5,0,393870,-82737,1850,-9,79,0,0
1,3597,5,0,393870,-82737,1849,-9,79,0,0
1,3600,5,0,393870,-82737,1844,-12,79,0,0
2,3600,5,0,393870,-82737,1844,-12,79,0,0
1,3602,5,0,393870,-82737,1842,-11,78,0,0
2,3602,5,0,393870,-82737,1842,-11,78,0,0
1,3603,5,0,393880,-82855,1841,-11,79,0,0
2,3603,5,0,393880,-82855,1841,-11,79,0,0
1,3604,5,0,393880,-82855,1840,-11,79,0,0
2,3604,5,0,393880,-82855,1840,-11,79,0,0
1,3605,5,0,393880,-82855,1838,-12,79,0,0
2,3605,5,0,393880,-82855,1838,-12,79,0,0
1,3607,5,0,393880,-82855,1834,-13,79,0,0
1,3608,5,0,393880,-82855,1833,-13,79,0,0
2,3608,5,0,393880,-82855,1833,-13,79,0,0
1,3610,5,0,393880,-82855,1831,-12,78,0,0
2,3610,5,0,393880,-82855,1831,-12,78,0,0
1,3612,5,0,393880,-82854,1827,-13,79,0,0
1,3613,5,0,393880,-82854,1825,-14,79,0,0
2,3613,5,0,393880,-82854,1825,-14,79,0,0
1,3614,5,0,393880,-82854,1823,-15,78,0,0
2,3614,5,0,393880,-82854,1823,-15,78,0,0
1,3617,5,0,393881,-82854,1817,-15,79,0,0
1,3618,5,0,393881,-82854,1816,-15,78,0,0
2,3618,5,0,393881,-82854,1816,-15,78,0,0
1,3619,5,0,393881,-82854,1815,-15,79,0,0
1,3620,5,0,393881,-82854,1814,-14,78,0,0
2,3620,5,0,393881,-82854,1814,-14,78,0,0
1,3621,5,0,393881,-82854,1813,-13,79,0,0
2,3621,5,0,393881,-82854,1813,-13,79,0,0
1,3622,5,0,393881,-82854,1813,-12,79,0,0
2,3622,5,0,393881,-82854,1813,-12,79,0,0
1,3625,5,0,393881,-82854,1812,-10,79,0,0
1,3626,5,0,393881,-82854,1811,-10,79,0,0
1,3627,5,0,393882,-82854,1810,-10,79,0,0
1,3628,5,0,393882,-82854,1808,-10,79,0,0
1,3629,5,0,393882,-82853,1807,-10,79,0,0
1,3631,5,0,393882,-82853,1807,-8,79,0,0
1,3635,5,0,393883,-82853,1801,-11,78,0,0
2,3635,5,0,393883,-82853,1801,-11,78,0,0
1,3640,5,0,393884,-82853,1793,-12,78,0,0
2,3644,5,0,393884,-82853,1789,-12,79,0,0
1,3647,5,0,393884,-82852,1784,-13,79,0,0
2,3647,5,0,393884,-82852,1784,-13,79,0,0
1,3648,5,0,393884,-82852,1782,-13,79,0,0
2,3648,5,0,393884,-82852,1782,-13,79,0,0
1,3649,5,0,393884,-82852,1780,-14,79,0,0
1,3650,5,0,393884,-82852,1778,-15,79,0,0
2,3650,5,0,393884,-82852,1778,-15,79,0,0
1,3651,5,0,393884,-82852,1776,-15,78,0,0
2,3651,5,0,393884,-82852,1776,-15,78,0,0
1,3652,5,0,393884,-82852,1774,-15,79,0,0
1,3654,5,0,393884,-82852,1771,-15,79,0,0
2,3654,5,0,393884,-82852,1771,-15,79,0,0
1,3655,5,0,393885,-82852,1770,-15,79,0,0
2,3655,5,0,393885,-82852,1770,-15,79,0,0
1,3656,5,0,393885,-82852,1769,-14,79,0,0
2,3656,5,0,393885,-82852,1769,-14,79,0,0
1,3657,5,0,393885,-82852,1769,-13,78,0,0
2,3657,5,0,393885,-82852,1769,-13,78,0,0
1,3658,5,0,393885,-82852,1769,-12,79,0,0
1,3660,5,0,393885,-82852,1766,-12,79,0,0
2,3660,5,0,393885,-82852,1766,-12,79,0,0
1,3663,5,0,393885,-82851,1766,-8,79,0,0
2,3663,5,0,393885,-82851,1766,-8,79,0,0
1,3664,5,0,393885,-82851,1766,-8,79,0,0
2,3664,5,0,393885,-82851,1766,-8,79,0,0
1,3665,5,0,393885,-82851,1765,-8,79,0,0
2,3665,5,0,393885,-82851,1765,-8,79,0,0
1,3666,5,0,393885,-82851,1763,-9,79,0,0
2,3666,5,0,393885,-82851,1763,-9,79,0,0
1,3667,5,0,393886,-82851,1761,-10,79,0,0
1,3669,5,0,393886,-82851,1758,-11,79,0,0
2,3669,5,0,393886,-82851,1758,-11,79,0,0
1,3670,5,0,393886,-82851,1756,-12,79,0,0
2,3670,5,0,393886,-82851,1756,-12,79,0,0
1,3671,5,0,393886,-82851,1754,-13,79,0,0
2,3671,5,0,393886,-82851,1754,-13,79,0,0
1,3672,5,0,393886,-82851,1752,-13,79,0,0
2,3672,5,0,393886,-82851,1752,-13,79,0,0
1,3673,5,0,393886,-82850,1750,-13,79,0,0
2,3673,5,0,393886,-82850,1750,-13,79,0,0
1,3676,5,0,393886,-82850,1746,-13,79,0,0
2,3676,5,0,393886,-82850,1746,-13,79,0,0
1,3677,5,0,393886,-82850,1745,-13,79,0,0
2,3677,5,0,393886,-82850,1745,-13,79,0,0
1,3678,5,0,393886,-82850,1744,-13,79,0,0
2,3678,5,0,393886,-82850,1744,-13,79,0,0
1,3680,5,0,393886,-82850,1743,-11,79,0,0
2,3680,5,0,393886,-82850,1743,-11,79,0,0
1,3681,5,0,393887,-82850,1742,-11,79,0,0
2,3682,5,0,393887,-82850,1741,-10,79,0,0
1,3683,5,0,393887,-82850,1740,-11,79,0,0
1,3688,5,0,393887,-82850,1731,-14,78,0,0
1,3694,5,0,393887,-82849,1723,-13,79,0,0
2,3694,5,0,393887,-82849,1723,-13,79,0,0
1,3698,5,0,393888,-82849,1720,-11,78,0,0
2,3698,5,0,393888,-82849,1720,-11,78,0,0
1,3704,5,0,393888,-82849,1713,-11,79,0,0
2,3704,5,0,393888,-82849,1713,-11,79,0,0
1,3708,5,0,393889,-82848,1708,-12,79,0,0
1,3713,5,0,393889,-82848,1701,-12,79,0,0
1,3715,5,0,393889,-82848,1699,-11,79,0,0
1,3716,5,0,393889,-82848,1698,-12,79,0,0
2,3716,5,0,393889,-82848,1698,-12,79,0,0
1,3717,5,0,393889,-82847,1696,-12,79,0,0
2,3717,5,0,393889,-82847,1696,-12,79,0,0
1,3718,5,0,393889,-82847,1695,-12,78,0,0
2,3718,5,0,393889,-82847,1695,-12,78,0,0
1,3719,5,0,393889,-82847,1693,-13,79,0,0
2,3719,5,0,393889,-82847,1693,-13,79,0,0
1,3720,5,0,393889,-82847,1692,-13,79,0,0
1,3726,5,0,393890,-82847,1689,-9,79,0,0
2,3726,5,0,393890,-82847,1689,-9,79,0,0
1,3727,5,0,393890,-82847,1688,-9,79,0,0
2,3727,5,0,393890,-82847,1688,-9,79,0,0
1,3728,5,0,393890,-82847,1687,-9,78,0,0
1,3729,5,0,393890,-82847,1687,-8,79,0,0
2,3729,5,0,393890,-82847,1687,-8,79,0,0
1,3731,5,0,393890,-82847,1686,-8,79,0,0
2,3731,5,0,393890,-82847,1686,-8,79,0,0
2,3732,5,0,393890,-82847,1684,-9,79,0,0
1,3734,5,0,393890,-82846,1680,-11,78,0,0
2,3734,5,0,393890,-82846,1680,-11,78,0,0
1,3736,5,0,393890,-82846,1676,-12,79,0,0
2,3736,5,0,393890,-82846,1676,-12,79,0,0
1,3737,5,0,393890,-82846,1674,-13,78,0,0
2,3737,5,0,393890,-82846,1674,-13,78,0,0
1,3738,5,0,393891,-82846,1672,-13,78,0,0
2,3738,5,0,393891,-82846,1672,-13,78,0,0
2,3739,5,0,393891,-82846,1670,-14,79,0,0
2,3740,5,0,393891,-82846,1669,-14,79,0,0
1,3742,5,0,393891,-82846,1666,-14,79,0,0
2,3742,5,0,393891,-82846,1666,-14,79,0,0
1,3743,5,0,393891,-82846,1664,-14,79,0,0
1,3746,5,0,393891,-82845,1660,-14,79,0,0
2,3746,5,0,393891,-82845,1660,-14,79,0,0
1,3747,5,0,393891,-82845,1659,-13,79,0,0
2,3749,5,0,393891,-82845,1659,-11,79,0,0
1,3750,5,0,393891,-82845,1658,-11,79,0,0
1,3751,5,0,393892,-82845,1657,-11,79,0,0
2,3751,5,0,393892,-82845,1657,-11,79,0,0
1,3753,5,0,393892,-82845,1655,-11,79,0,0
2,3753,5,0,393892,-82845,1655,-11,79,0,0
1,3754,5,0,393892,-82845,1655,-9,78,0,0
2,3754,5,0,393892,-82845,1655,-9,78,0,0
1,3756,5,0,393892,-82845,1656,-7,79,0,0
2,3756,5,0,393892,-82845,1656,-7,79,0,0
1,3757,5,0,393892,-82845,1655,-7,79,0,0
2,3757,5,0,393892,-82845,1655,-7,79,0,0
1,3758,5,0,393892,-82844,1653,-8,79,0,0
2,3758,5,0,393892,-82844,1653,-8,79,0,0
2,3760,5,0,393892,-82844,1652,-8,78,0,0
1,3761,5,0,393893,-82844,1651,-7,79,0,0
2,3761,5,0,393893,-82844,1651,-7,79,0,0
1,3763,5,0,393893,-82844,1648,-9,79,0,0
2,3763,5,0,393893,-82844,1648,-9,79,0,0
1,3765,5,0,393893,-82844,1644,-11,79,0,0
2,3765,5,0,393893,-82844,1644,-11,79,0,0
1,3766,5,0,393893,-82844,1642,-11,79,0,0
2,3766,5,0,393893,-82844,1642,-11,79,0,0
1,3767,5,0,393893,-82844,1641,-12,79,0,0
1,3773,5,0,393894,-82843,1632,-13,78,0,0
2,3773,5,0,393894,-82843,1632,-13,78,0,0
1,3776,5,0,393894,-82843,1629,-12,79,0,0
2,3776,5,0,393894,-82843,1629,-12,79,0,0
1,3777,5,0,393894,-82843,1628,-12,79,0,0
1,3778,5,0,393894,-82843,1626,-12,79,0,0
2,3778,5,0,393894,-82843,1626,-12,79,0,0
1,3779,5,0,393894,-82842,1625,-13,78,0,0
1,3780,5,0,393894,-82842,1623,-13,79,0,0
2,3780,5,0,393894,-82842,1623,-13,79,0,0
1,3782,5,0,393894,-82842,1620,-13,79,0,0
2,3782,5,0,393894,-82842,1620,-13,79,0,0
1,3784,5,0,393894,-82842,1617,-13,79,0,0
2,3784,5,0,393894,-82842,1617,-13,79,0,0
1,3785,5,0,393894,-82842,1616,-13,79,0,0
2,3785,5,0,393894,-82842,1616,-13,79,0,0
1,3786,5,0,393894,-82842,1615,-13,79,0,0
2,3786,5,0,393894,-82842,1615,-13,79,0,0
1,3787,5,0,393894,-82842,1614,-12,79,0,0
2,3787,5,0,393894,-82842,1614,-12,79,0,0
1,3789,5,0,393895,-82842,1614,-10,78,0,0
1,3790,5,0,393895,-82842,1614,-9,79,0,0
2,3790,5,0,393895,-82842,1614,-9,79,0,0
1,3791,5,0,393895,-82842,1613,-9,79,0,0
2,3791,5,0,393895,-82842,1613,-9,79,0,0
1,3792,5,0,393895,-82842,1612,-9,79,0,0
2,3792,5,0,393895,-82842,1612,-9,79,0,0
1,3793,5,0,393895,-82842,1609,-11,79,0,0
2,3793,5,0,393895,-82842,1609,-11,79,0,0
1,3794,5,0,393895,-82842,1608,-11,78,0,0
1,3796,5,0,393895,-82842,1606,-11,79,0,0
2,3796,5,0,393895,-82842,1606,-11,79,0,0
1,3797,5,0,393895,-82841,1604,-11,79,0,0
2,3797,5,0,393895,-82841,1604,-11,79,0,0
1,3800,5,0,393895,-82841,1602,-10,79,0,0
2,3800,5,0,393895,-82841,1602,-10,79,0,0
1,3802,5,0,393895,-82841,1599,-11,78,0,0
2,3802,5,0,393895,-82841,1599,-11,78,0,0
1,3803,5,0,393895,-82841,1597,-12,79,0,0
2,3803,5,0,393895,-82841,1597,-12,79,0,0
1,3804,5,0,393895,-82841,1595,-12,79,0,0
2,3805,5,0,393896,-82841,1594,-12,79,0,0
1,3810,5,0,393896,-82840,1585,-14,79,0,0
2,3810,5,0,393896,-82840,1585,-14,79,0,0
1,3811,5,0,393896,-82840,1583,-15,78,0,0
2,3811,5,0,393896,-82840,1583,-15,78,0,0
1,3812,5,0,393896,-82840,1581,-15,79,0,0
2,3812,5,0,393896,-82840,1581,-15,79,0,0
1,3816,5,0,393896,-82840,1578,-13,79,0,0
2,3816,5,0,393896,-82840,1578,-13,79,0,0
1,3819,5,0,393897,-82839,1575,-12,79,0,0
1,3820,5,0,393897,-82839,1574,-11,79,0,0
2,3820,5,0,393897,-82839,1574,-11,79,0,0
1,3821,5,0,393897,-82839,1573,-11,79,0,0
2,3821,5,0,393897,-82839,1573,-11,79,0,0
1,3822,5,0,393897,-82839,1572,-11,79,0,0
2,3822,5,0,393897,-82839,1572,-11,79,0,0
1,3823,5,0,393897,-82839,1571,-11,79,0,0
2,3823,5,0,393897,-82839,1571,-11,79,0,0
1,3825,5,0,393897,-82839,1569,-11,79,0,0
1,3828,5,0,393897,-82839,1565,-12,79,0,0
2,3828,5,0,393897,-82839,1565,-12,79,0,0
2,3829,5,0,393897,-82839,1563,-12,79,0,0
1,3830,5,0,393897,-82838,1562,-12,79,0,0
2,3830,5,0,393897,-82838,1562,-12,79,0,0
1,3832,5,0,393898,-82838,1559,-12,79,0,0
1,3833,5,0,393898,-82838,1557,-13,79,0,0
2,3833,5,0,393898,-82838,1557,-13,79,0,0
1,3834,5,0,393898,-82838,1555,-13,79,0,0
2,3834,5,0,393898,-82838,1555,-13,79,0,0
2,3836,5,0,393898,-82838,1555,-11,79,0,0
1,3837,5,0,393898,-82838,1555,-10,78,0,0
2,3837,5,0,393898,-82838,1555,-10,78,0,0
1,3838,5,0,393898,-82838,1555,-9,79,0,0
2,3838,5,0,393898,-82838,1555,-9,79,0,0
1,3840,5,0,393898,-82838,1553,-9,79,0,0
2,3840,5,0,393898,-82838,1553,-9,79,0,0
1,3843,5,0,393899,-82837,1549,-10,79,0,0
2,3843,5,0,393899,-82837,1549,-10,79,0,0
1,3844,5,0,393899,-82837,1549,-9,79,0,0
2,3844,5,0,393899,-82837,1549,-9,79,0,0
1,3847,5,0,393899,-82837,1544,-11,78,0,0
2,3847,5,0,393899,-82837,1544,-11,78,0,0
2,3848,5,0,393899,-82837,1543,-11,78,0,0
1,3849,5,0,393899,-82837,1542,-11,79,0,0
2,3849,5,0,393899,-82837,1542,-11,79,0,0
1,3850,5,0,393899,-82837,1541,-11,79,0,0
2,3850,5,0,393899,-82837,1541,-11,79,0,0
1,3851,5,0,393899,-82837,1540,-11,79,0,0
1,3852,5,0,393899,-82837,1539,-11,79,0,0
2,3852,5,0,393899,-82837,1539,-11,79,0,0
1,3855,5,0,393900,-82836,1536,-10,79,0,0
2,3855,5,0,393900,-82836,1536,-10,79,0,0
1,3870,5,0,393901,-82835,1512,-14,79,0,0
1,3876,5,0,393902,-82834,1508,-10,78,0,0
1,3882,5,0,393902,-82834,1501,-11,79,0,0
2,3885,5,0,393903,-82833,1497,-11,79,0,0
1,3886,5,0,393903,-82833,1496,-11,79,0,0
1,3890,5,0,393903,-82833,1493,-10,78,0,0
2,3890,5,0,393903,-82833,1493,-10,78,0,0
1,3893,5,0,393903,-82832,1491,-9,79,0,0
2,3893,5,0,393903,-82832,1491,-9,79,0,0
1,3894,5,0,393903,-82832,1490,-9,82,0,0
2,3894,5,0,393903,-82832,1490,-9,82,0,0
1,3895,5,0,393903,-82832,1489,-9,80,0,0
2,3895,5,0,393903,-82832,1489,-9,80,0,0
1,3896,5,0,393903,-82832,1487,-9,79,0,0
2,3896,5,0,393903,-82832,1487,-9,79,0,0
1,3897,5,0,393903,-82832,1486,-10,79,0,0
2,3897,5,0,393903,-82832,1486,-10,79,0,0
1,3899,5,0,393904,-82831,1483,-11,79,0,0
2,3899,5,0,393904,-82831,1483,-11,79,0,0
1,3900,5,0,393904,-82831,1482,-11,79,0,0
2,3900,5,0,393904,-82831,1482,-11,79,0,0
1,3901,5,0,393904,-82831,1481,-11,79,0,0
2,3901,5,0,393904,-82831,1481,-11,79,0,0
1,3902,5,0,393904,-82831,1480,-11,79,0,0
2,3902,5,0,393904,-82831,1480,-11,79,0,0
1,3903,5,0,393904,-82831,1479,-10,79,0,0
2,3903,5,0,393904,-82831,1479,-10,79,0,0
1,3907,5,0,393904,-82831,1475,-10,79,0,0
2,3907,5,0,393904,-82831,1475,-10,79,0,0
1,3908,5,0,393904,-82831,1476,-8,79,0,0
2,3908,5,0,393904,-82831,1476,-8,79,0,0
1,3909,5,0,393904,-82831,1476,-7,79,0,0
2,3909,5,0,393904,-82831,1476,-7,79,0,0
1,3910,5,0,393904,-82831,1475,-7,79,0,0
2,3910,5,0,393904,-82831,1475,-7,79,0,0
1,3911,5,0,393904,-82831,1474,-7,79,0,0
2,3911,5,0,393904,-82831,1474,-7,79,0,0
1,3913,5,0,393905,-82831,1473,-7,79,0,0
2,3913,5,0,393905,-82831,1473,-7,79,0,0
1,3914,5,0,393905,-82831,1471,-8,79,0,0
2,3914,5,0,393905,-82831,1471,-8,79,0,0
1,3915,5,0,393905,-82831,1469,-9,79,0,0
2,3915,5,0,393905,-82831,1469,-9,79,0,0
1,3916,5,0,393905,-82831,1467,-10,79,0,0
2,3916,5,0,393905,-82831,1467,-10,79,0,0
1,3917,5,0,393905,-82831,1466,-11,79,0,0
2,3917,5,0,393905,-82831,1466,-11,79,0,0
1,3919,5,0,393905,-82830,1464,-10,79,0,0
2,3919,5,0,393905,-82830,1464,-10,79,0,0
1,3921,5,0,393905,-82830,1462,-10,78,0,0
2,3921,5,0,393905,-82830,1462,-10,78,0,0
1,3922,5,0,393905,-82830,1460,-10,78,0,0
2,3922,5,0,393905,-82830,1460,-10,78,0,0
1,3923,5,0,393905,-82830,1459,-11,78,0,0
2,3923,5,0,393905,-82830,1459,-11,78,0,0
1,3924,5,0,393905,-82830,1458,-11,79,0,0
2,3924,5,0,393905,-82830,1458,-11,79,0,0
1,3926,5,0,393906,-82830,1455,-11,79,0,0
2,3927,5,0,393906,-82830,1454,-11,79,0,0
1,3927,5,0,393906,-82830,1454,-11,79,0,0
1,3928,5,0,393906,-82829,1453,-11,78,0,0
2,3928,5,0,393906,-82829,1453,-11,78,0,0
1,3929,5,0,393906,-82829,1451,-11,78,0,0
2,3929,5,0,393906,-82829,1451,-11,78,0,0
2,3930,5,0,393906,-82829,1450,-11,79,0,0
1,3936,5,0,393906,-82829,1444,-11,78,0,0
2,3941,5,0,393907,-82828,1435,-14,78,0,0
1,3943,5,0,393907,-82828,1432,-14,78,0,0
2,3943,5,0,393907,-82828,1432,-14,78,0,0
1,3945,5,0,393907,-82828,1430,-14,79,0,0
1,3946,5,0,393907,-82828,1428,-14,79,0,0
2,3946,5,0,393907,-82828,1428,-14,79,0,0
1,3948,5,0,393907,-82827,1425,-14,78,0,0
2,3948,5,0,393907,-82827,1425,-14,78,0,0
1,3949,5,0,393908,-82827,1424,-13,78,0,0
2,3949,5,0,393908,-82827,1424,-13,78,0,0
1,3950,5,0,393908,-82827,1422,-14,79,0,0
1,3952,5,0,393908,-82827,1419,-14,78,0,0
2,3952,5,0,393908,-82827,1419,-14,78,0,0
1,3953,5,0,393908,-82827,1418,-14,78,0,0
1,3954,5,0,393908,-82827,1417,-13,78,0,0
2,3954,5,0,393908,-82827,1417,-13,78,0,0
1,3955,5,0,393908,-82826,1416,-13,78,0,0
2,3955,5,0,393908,-82826,1416,-13,78,0,0
1,3959,5,0,393908,-82826,1413,-11,78,0,0
1,3980,5,0,393909,-82825,1392,-9,78,0,0
1,3984,5,0,393910,-82825,1387,-10,78,0,0
1,3986,5,0,393910,-82824,1385,-11,78,0,0
1,3987,5,0,393910,-82824,1384,-11,78,0,0
2,3987,5,0,393910,-82824,1384,-11,78,0,0
2,3991,5,0,393910,-82824,1380,-10,78,0,0
1,3997,5,0,393910,-82824,1372,-11,78,0,0
1,4003,5,0,393911,-82824,1370,-7,78,0,0
1,4008,5,0,393911,-82823,1368,-6,78,0,0
1,4015,5,0,393912,-82823,1358,-10,78,0,0
1,4018,5,0,393913,-82823,1354,-11,78,0,0
2,4018,5,0,393913,-82823,1354,-11,78,0,0
1,4021,5,0,393913,-82822,1350,-11,78,0,0
2,4021,5,0,393913,-82822,1350,-11,78,0,0
1,4022,5,0,393913,-82822,1349,-11,78,0,0
2,4022,5,0,393913,-82822,1349,-11,78,0,0
1,4023,5,0,393913,-82822,1348,-11,78,0,0
2,4023,5,0,393913,-82822,1348,-11,78,0,0
1,4024,5,0,393913,-82822,1347,-11,78,0,0
2,4024,5,0,393913,-82822,1347,-11,78,0,0
1,4026,5,0,393913,-82822,1343,-12,78,0,0
2,4026,5,0,393913,-82822,1343,-12,78,0,0
1,4030,5,0,393914,-82822,1337,-13,78,0,0
2,4030,5,0,393914,-82822,1337,-13,78,0,0
1,4032,5,0,393914,-82821,1334,-13,78,0,0
2,4032,5,0,393914,-82821,1334,-13,78,0,0
1,4033,5,0,393914,-82821,1334,-12,78,0,0
2,4033,5,0,393914,-82821,1334,-12,78,0,0
1,4034,5,0,393914,-82821,1333,-12,78,0,0
2,4034,5,0,393914,-82821,1333,-12,78,0,0
1,4035,5,0,393914,-82821,1331,-12,78,0,0
2,4035,5,0,393914,-82821,1331,-12,78,0,0
2,4037,5,0,393914,-82821,1328,-13,78,0,0
1,4039,5,0,393914,-82821,1324,-14,78,0,0
1,4040,5,0,393914,-82821,1323,-14,78,0,0
2,4040,5,0,393914,-82821,1323,-14,78,0,0
1,4041,5,0,393915,-82820,1322,-14,78,0,0
2,4041,5,0,393915,-82820,1322,-14,78,0,0
1,4042,5,0,393915,-82820,1321,-13,78,0,0
2,4042,5,0,393915,-82820,1321,-13,78,0,0
1,4054,5,0,393916,-82819,1309,-11,78,0,0
1,4057,5,0,393916,-82819,1305,-12,78,0,0
1,4060,5,0,393917,-82818,1303,-10,78,0,0
1,4062,5,0,393917,-82818,1303,-8,79,0,0
2,4062,5,0,393917,-82818,1303,-8,79,0,0
1,4063,5,0,393917,-82818,1302,-8,78,0,0
2,4063,5,0,393917,-82818,1302,-8,78,0,0
1,4064,5,0,393917,-82818,1300,-9,78,0,0
2,4064,5,0,393917,-82818,1300,-9,78,0,0
1,4065,5,0,393917,-82818,1299,-10,78,0,0
2,4065,5,0,393917,-82818,1299,-10,78,0,0
1,4066,5,0,393917,-82818,1297,-10,78,0,0
2,4066,5,0,393917,-82818,1297,-10,78,0,0
1,4068,5,0,393917,-82817,1296,-10,78,0,0
2,4068,5,0,393917,-82817,1296,-10,78,0,0
1,4071,5,0,393918,-82817,1292,-10,78,0,0
2,4071,5,0,393918,-82817,1292,-10,78,0,0
1,4072,5,0,393918,-82817,1292,-9,78,0,0
2,4072,5,0,393918,-82817,1292,-9,78,0,0
1,4073,5,0,393918,-82817,1292,-8,75,0,0
2,4073,5,0,393918,-82817,1292,-8,75,0,0
1,4074,5,0,393918,-82817,1292,-7,78,0,0
2,4074,5,0,393918,-82817,1292,-7,78,0,0
1,4076,5,0,393918,-82817,1291,-7,78,0,0
2,4076,5,0,393918,-82817,1291,-7,78,0,0
1,4077,5,0,393918,-82817,1289,-8,78,0,0
2,4077,5,0,393918,-82817,1289,-8,78,0,0
1,4079,5,0,393918,-82817,1287,-8,78,0,0
2,4079,5,0,393918,-82817,1287,-8,78,0,0
1,4080,5,0,393918,-82817,1285,-9,78,0,0
2,4080,5,0,393918,-82817,1285,-9,78,0,0
1,4082,5,0,393919,-82817,1282,-10,78,0,0
1,4084,5,0,393919,-82817,1279,-11,78,0,0
2,4084,5,0,393919,-82817,1279,-11,78,0,0
1,4085,5,0,393919,-82817,1277,-12,78,0,0
2,4085,5,0,393919,-82817,1277,-12,78,0,0
1,4086,5,0,393919,-82817,1275,-13,78,0,0
2,4086,5,0,393919,-82817,1275,-13,78,0,0
2,4087,5,0,393919,-82817,1273,-13,78,0,0
1,4088,5,0,393919,-82817,1273,-12,78,0,0
2,4088,5,0,393919,-82817,1273,-12,78,0,0
1,4089,5,0,393919,-82817,1272,-12,78,0,0
2,4089,5,0,393919,-82817,1272,-12,78,0,0
1,4092,5,0,393920,-82816,1269,-11,78,0,0
2,4092,5,0,393920,-82816,1269,-11,78,0,0
1,4093,5,0,393920,-82816,1268,-11,78,0,0
2,4093,5,0,393920,-82816,1268,-11,78,0,0
1,4095,5,0,393920,-82816,1266,-10,78,0,0
2,4095,5,0,393920,-82816,1266,-10,78,0,0
1,4096,5,0,393920,-82816,1266,-10,78,0,0
1,4097,5,0,393920,-82816,1265,-10,78,0,0
2,4097,5,0,393920,-82816,1265,-10,78,0,0
1,4098,5,0,393920,-82816,1263,-10,78,0,0
2,4098,5,0,393920,-82816,1263,-10,78,0,0
1,4100,5,0,393920,-82816,1260,-11,78,0,0
2,4100,5,0,393920,-82816,1260,-11,78,0,0
1,4105,5,0,393921,-82815,1257,-9,78,0,0
1,4111,5,0,393922,-82814,1251,-9,78,0,0
1,4116,5,0,393922,-82813,1246,-10,78,0,0
1,4130,5,0,393924,-82811,1231,-10,78,0,0
1,4132,5,0,393924,-82811,1229,-10,79,0,0
1,4135,5,0,393924,-82811,1226,-10,79,0,0
1,4138,5,0,393924,-82810,1222,-11,79,0,0
2,4138,5,0,393924,-82810,1222,-11,79,0,0
1,4139,5,0,393924,-82810,1220,-11,79,0,0
2,4139,5,0,393924,-82810,1220,-11,79,0,0
1,4140,5,0,393924,-82810,1219,-11,79,0,0
2,4140,5,0,393924,-82810,1219,-11,79,0,0
1,4141,5,0,393925,-82810,1218,-11,78,0,0
2,4141,5,0,393925,-82810,1218,-11,78,0,0
1,4142,5,0,393925,-82810,1218,-11,79,0,0
2,4142,5,0,393925,-82810,1218,-11,79,0,0
1,4144,5,0,393925,-82809,1215,-11,79,0,0
2,4144,5,0,393925,-82809,1215,-11,79,0,0
1,4145,5,0,393925,-82809,1214,-11,79,0,0
1,4148,5,0,393925,-82809,1210,-11,78,0,0
1,4152,5,0,393925,-82808,1209,-8,79,0,0
1,4157,5,0,393925,-82808,1206,-8,78,0,0
2,4157,5,0,393925,-82808,1206,-8,78,0,0
1,4161,5,0,393926,-82808,1199,-11,79,0,0
1,4162,5,0,393926,-82808,1197,-11,79,0,0
1,4165,5,0,393926,-82807,1194,-11,79,0,0
2,4167,5,0,393926,-82807,1191,-12,78,0,0
1,4168,5,0,393926,-82807,1189,-12,79,0,0
2,4168,5,0,393926,-82807,1189,-12,79,0,0
1,4169,5,0,393926,-82807,1188,-12,79,0,0
2,4169,5,0,393926,-82807,1188,-12,79,0,0
1,4170,5,0,393926,-82807,1186,-13,79,0,0
2,4170,5,0,393926,-82807,1186,-13,79,0,0
1,4171,5,0,393927,-82807,1185,-13,78,0,0
2,4171,5,0,393927,-82807,1185,-13,78,0,0
1,4172,5,0,393927,-82807,1184,-12,79,0,0
2,4172,5,0,393927,-82807,1184,-12,79,0,0
1,4175,5,0,393927,-82806,1180,-12,79,0,0
2,4175,5,0,393927,-82806,1180,-12,79,0,0
1,4176,5,0,393927,-82806,1180,-11,79,0,0
2,4176,5,0,393927,-82806,1180,-11,79,0,0
1,4177,5,0,393927,-82806,1179,-11,79,0,0
2,4177,5,0,393927,-82806,1179,-11,79,0,0
1,4178,5,0,393927,-82806,1179,-10,79,0,0
2,4178,5,0,393927,-82806,1179,-10,79,0,0
2,4179,5,0,393928,-82806,1178,-10,79,0,0
1,4182,5,0,393928,-82806,1176,-9,79,0,0
2,4182,5,0,393928,-82806,1176,-9,79,0,0
1,4183,5,0,393928,-82806,1174,-9,79,0,0
2,4183,5,0,393928,-82806,1174,-9,79,0,0
1,4184,5,0,393928,-82806,1173,-10,79,0,0
2,4184,5,0,393928,-82806,1173,-10,79,0,0
1,4185,5,0,393928,-82806,1172,-10,79,0,0
2,4185,5,0,393928,-82806,1172,-10,79,0,0
1,4186,5,0,393928,-82806,1171,-10,79,0,0
2,4186,5,0,393928,-82806,1171,-10,79,0,0
1,4190,5,0,393929,-82805,1169,-8,78,0,0
2,4190,5,0,393929,-82805,1169,-8,78,0,0
2,4191,5,0,393929,-82805,1168,-8,79,0,0
1,4192,5,0,393929,-82805,1168,-8,79,0,0
2,4192,5,0,393929,-82805,1168,-8,79,0,0
1,4193,5,0,393929,-82805,1167,-8,78,0,0
2,4193,5,0,393929,-82805,1167,-8,78,0,0
1,4194,5,0,393929,-82805,1166,-7,79,0,0
2,4194,5,0,393929,-82805,1166,-7,79,0,0
1,4195,5,0,393929,-82804,1165,-8,79,0,0
2,4197,5,0,393929,-82804,1163,-8,78,0,0
1,4204,5,0,393930,-82803,1153,-11,79,0,0
2,4204,5,0,393930,-82803,1153,-11,79,0,0
1,4207,5,0,393930,-82803,1150,-11,79,0,0
1,4208,5,0,393930,-82803,1149,-11,78,0,0
1,4210,5,0,393930,-82803,1146,-11,79,0,0
2,4210,5,0,393930,-82803,1146,-11,79,0,0
1,4214,5,0,393931,-82803,1143,-10,79,0,0
1,4215,5,0,393931,-82802,1141,-11,79,0,0
1,4217,5,0,393931,-82802,1138,-12,78,0,0
1,4220,5,0,393931,-82802,1133,-12,78,0,0
2,4220,5,0,393931,-82802,1133,-12,78,0,0
1,4221,5,0,393931,-82802,1132,-12,79,0,0
2,4221,5,0,393931,-82802,1132,-12,79,0,0
1,4222,5,0,393931,-82802,1132,-11,79,0,0
2,4222,5,0,393931,-82802,1132,-11,79,0,0
1,4223,5,0,393931,-82802,1131,-11,79,0,0
2,4223,5,0,393931,-82802,1131,-11,79,0,0
1,4224,5,0,393931,-82802,1131,-10,79,0,0
2,4224,5,0,393931,-82802,1131,-10,79,0,0
1,4227,5,0,393932,-82801,1128,-10,79,0,0
2,4227,5,0,393932,-82801,1128,-10,79,0,0
1,4228,5,0,393932,-82801,1127,-9,79,0,0
2,4228,5,0,393932,-82801,1127,-9,79,0,0
1,4229,5,0,393932,-82801,1127,-9,79,0,0
1,4230,5,0,393932,-82801,1126,-9,78,0,0
2,4230,5,0,393932,-82801,1126,-9,78,0,0
1,4231,5,0,393932,-82801,1124,-9,78,0,0
1,4232,5,0,393932,-82801,1123,-10,79,0,0
2,4232,5,0,393932,-82801,1123,-10,79,0,0
1,4236,5,0,393933,-82801,1118,-11,78,0,0
2,4236,5,0,393933,-82801,1118,-11,78,0,0
1,4237,5,0,393933,-82801,1116,-11,79,0,0
2,4237,5,0,393933,-82801,1116,-11,79,0,0
1,4238,5,0,393933,-82800,1115,-12,79,0,0
1,4239,5,0,393933,-82800,1113,-12,79,0,0
2,4239,5,0,393933,-82800,1113,-12,79,0,0
1,4240,5,0,393933,-82800,1112,-12,78,0,0
2,4240,5,0,393933,-82800,1112,-12,78,0,0
1,4248,5,0,393934,-82799,1103,-11,78,0,0
1,4252,5,0,393934,-82799,1099,-10,79,0,0
2,4252,5,0,393934,-82799,1099,-10,79,0,0
1,4253,5,0,393934,-82798,1098,-10,79,0,0
2,4253,5,0,393934,-82798,1098,-10,79,0,0
1,4254,5,0,393934,-82798,1098,-10,79,0,0
2,4254,5,0,393934,-82798,1098,-10,79,0,0
1,4255,5,0,393934,-82798,1097,-10,79,0,0
2,4255,5,0,393934,-82798,1097,-10,79,0,0
1,4256,5,0,393934,-82798,1095,-10,78,0,0
2,4256,5,0,393934,-82798,1095,-10,78,0,0
1,4259,5,0,393934,-82798,1091,-11,79,0,0
2,4259,5,0,393934,-82798,1091,-11,79,0,0
1,4262,5,0,393934,-82798,1088,-10,79,0,0
2,4262,5,0,393934,-82798,1088,-10,79,0,0
1,4263,5,0,393935,-82798,1087,-11,79,0,0
2,4263,5,0,393935,-82798,1087,-11,79,0,0
1,4264,5,0,393935,-82798,1086,-11,79,0,0
2,4264,5,0,393935,-82798,1086,-11,79,0,0
1,4265,5,0,393935,-82797,1084,-11,79,0,0
2,4265,5,0,393935,-82797,1084,-11,79,0,0
1,4268,5,0,393935,-82797,1083,-9,79,0,0
2,4268,5,0,393935,-82797,1083,-9,79,0,0
1,4269,5,0,393935,-82797,1083,-9,79,0,0
2,4269,5,0,393935,-82797,1083,-9,79,0,0
1,4270,5,0,393935,-82797,1082,-8,79,0,0
2,4270,5,0,393935,-82797,1082,-8,79,0,0
1,4271,5,0,393935,-82797,1080,-9,79,0,0
1,4272,5,0,393935,-82797,1079,-9,79,0,0
2,4272,5,0,393935,-82797,1079,-9,79,0,0
1,4273,5,0,393935,-82797,1078,-9,78,0,0
1,4276,5,0,393936,-82797,1074,-10,79,0,0
2,4276,5,0,393936,-82797,1074,-10,79,0,0
1,4277,5,0,393936,-82797,1072,-11,79,0,0
1,4278,5,0,393936,-82797,1070,-12,79,0,0
1,4279,5,0,393936,-82797,1069,-12,79,0,0
2,4279,5,0,393936,-82797,1069,-12,79,0,0
1,4280,5,0,393936,-82797,1067,-12,79,0,0
2,4280,5,0,393936,-82797,1067,-12,79,0,0
1,4282,5,0,393936,-82797,1065,-12,79,0,0
2,4282,5,0,393936,-82797,1065,-12,79,0,0
1,4285,5,0,393937,-82796,1063,-11,79,0,0
2,4285,5,0,393937,-82796,1063,-11,79,0,0
1,4286,5,0,393937,-82796,1062,-10,78,0,0
2,4286,5,0,393937,-82796,1062,-10,78,0,0
2,4287,5,0,393937,-82796,1062,-9,79,0,0
1,4288,5,0,393937,-82796,1062,-8,79,0,0
2,4288,5,0,393937,-82796,1062,-8,79,0,0
1,4289,5,0,393937,-82796,1062,-7,79,0,0
2,4289,5,0,393937,-82796,1062,-7,79,0,0
1,4290,5,0,393937,-82796,1062,-7,78,0,0
2,4290,5,0,393937,-82796,1062,-7,78,0,0
1,4293,5,0,393937,-82795,1060,-7,79,0,0
2,4293,5,0,393937,-82795,1060,-7,79,0,0
1,4295,5,0,393938,-82795,1058,-7,78,0,0
2,4295,5,0,393938,-82795,1058,-7,78,0,0
1,4296,5,0,393938,-82795,1056,-8,79,0,0
2,4296,5,0,393938,-82795,1056,-8,79,0,0
1,4297,5,0,393938,-82795,1055,-9,79,0,0
2,4297,5,0,393938,-82795,1055,-9,79,0,0
1,4299,5,0,393938,-82795,1052,-10,79,0,0
2,4299,5,0,393938,-82795,1052,-10,79,0,0
1,4302,5,0,393938,-82794,1047,-11,79,0,0
2,4302,5,0,393938,-82794,1047,-11,79,0,0
1,4304,5,0,393938,-82794,1045,-11,79,0,0
2,4304,5,0,393938,-82794,1045,-11,79,0,0
1,4305,5,0,393938,-82794,1044,-11,79,0,0
2,4305,5,0,393938,-82794,1044,-11,79,0,0
1,4306,5,0,393938,-82794,1042,-12,79,0,0
2,4306,5,0,393938,-82794,1042,-12,79,0,0
2,4307,5,0,393938,-82794,1041,-12,79,0,0
1,4309,5,0,393939,-82794,1038,-12,79,0,0
1,4310,5,0,393939,-82794,1036,-13,79,0,0
2,4310,5,0,393939,-82794,1036,-13,79,0,0
1,4311,5,0,393939,-82793,1034,-13,79,0,0
2,4311,5,0,393939,-82793,1034,-13,79,0,0
1,4312,5,0,393939,-82793,1033,-13,79,0,0
2,4312,5,0,393939,-82793,1033,-13,79,0,0
1,4313,5,0,393939,-82793,1032,-13,79,0,0
2,4313,5,0,393939,-82793,1032,-13,79,0,0
1,4314,5,0,393939,-82793,1030,-13,79,0,0
2,4314,5,0,393939,-82793,1030,-13,79,0,0
1,4317,5,0,393939,-82793,1027,-12,79,0,0
2,4317,5,0,393939,-82793,1027,-12,79,0,0
1,4318,5,0,393939,-82793,1026,-12,79,0,0
1,4319,5,0,393939,-82793,1025,-12,79,0,0
2,4319,5,0,393939,-82793,1025,-12,79,0,0
1,4320,5,0,393939,-82793,1024,-11,79,0,0
2,4320,5,0,393939,-82793,1024,-11,79,0,0
2,4321,5,0,393939,-82793,1024,-11,78,0,0
1,4322,5,0,393939,-82793,1023,-10,79,0,0
1,4334,5,0,393940,-82792,1014,-9,79,0,0
1,4340,5,0,393941,-82791,1006,-11,79,0,0
1,4346,5,0,393941,-82790,998,-12,78,0,0
1,4349,5,0,393941,-82790,993,-13,79,0,0
2,4349,5,0,393941,-82790,993,-13,79,0,0
2,4350,5,0,393941,-82790,992,-13,79,0,0
1,4352,5,0,393942,-82790,991,-11,79,0,0
2,4352,5,0,393942,-82790,991,-11,79,0,0
1,4356,5,0,393942,-82790,988,-10,79,0,0
2,4356,5,0,393942,-82790,988,-10,79,0,0
1,4359,5,0,393942,-82789,984,-10,79,0,0
2,4359,5,0,393942,-82789,984,-10,79,0,0
1,4360,5,0,393942,-82789,982,-11,79,0,0
2,4360,5,0,393942,-82789,982,-11,79,0,0
1,4361,5,0,393942,-82789,980,-12,79,0,0
2,4361,5,0,393942,-82789,980,-12,79,0,0
1,4362,5,0,393942,-82789,979,-12,79,0,0
2,4362,5,0,393942,-82789,979,-12,79,0,0
1,4364,5,0,393943,-82789,978,-11,78,0,0
2,4364,5,0,393943,-82789,978,-11,78,0,0
1,4370,5,0,393943,-82788,972,-10,79,0,0
2,4370,5,0,393943,-82788,972,-10,79,0,0
1,4372,5,0,393943,-82788,969,-11,79,0,0
2,4372,5,0,393943,-82788,969,-11,79,0,0
1,4373,5,0,393943,-82788,967,-11,79,0,0
1,4374,5,0,393943,-82788,966,-12,79,0,0
2,4374,5,0,393943,-82788,966,-12,79,0,0
1,4375,5,0,393943,-82788,964,-12,79,0,0
1,4377,5,0,393943,-82788,962,-12,79,0,0
2,4377,5,0,393943,-82788,962,-12,79,0,0
1,4379,5,0,393944,-82787,960,-11,78,0,0
1,4380,5,0,393944,-82787,960,-11,78,0,0
1,4381,5,0,393944,-82787,959,-10,79,0,0
2,4381,5,0,393944,-82787,959,-10,79,0,0
1,4382,5,0,393944,-82787,959,-10,79,0,0
2,4382,5,0,393944,-82787,959,-10,79,0,0
1,4383,5,0,393944,-82787,958,-9,79,0,0
2,4383,5,0,393944,-82787,958,-9,79,0,0
1,4384,5,0,393944,-82787,957,-9,79,0,0
2,4384,5,0,393944,-82787,957,-9,79,0,0
1,4386,5,0,393944,-82787,954,-10,78,0,0
2,4386,5,0,393944,-82787,954,-10,78,0,0
2,4387,5,0,393944,-82787,952,-11,78,0,0
1,4388,5,0,393944,-82787,951,-11,79,0,0
2,4389,5,0,393944,-82786,950,-11,79,0,0
2,4390,5,0,393944,-82786,949,-11,79,0,0
1,4391,5,0,393944,-82786,947,-11,79,0,0
1,4392,5,0,393944,-82786,946,-11,79,0,0
1,4393,5,0,393945,-82786,945,-11,78,0,0
2,4393,5,0,393945,-82786,945,-11,78,0,0
1,4395,5,0,393945,-82786,944,-10,79,0,0
2,4395,5,0,393945,-82786,944,-10,79,0,0
1,4399,5,0,393945,-82786,942,-8,79,0,0
2,4399,5,0,393945,-82786,942,-8,79,0,0
1,4400,5,0,393945,-82786,940,-9,79,0,0
2,4400,5,0,393945,-82786,940,-9,79,0,0
1,4402,5,0,393945,-82786,939,-9,79,0,0
2,4402,5,0,393945,-82786,939,-9,79,0,0
1,4403,5,0,393945,-82785,939,-8,79,0,0
1,4404,5,0,393945,-82785,938,-7,79,0,0
2,4404,5,0,393945,-82785,938,-7,79,0,0
1,4407,5,0,393946,-82785,933,-10,79,0,0
1,4408,5,0,393946,-82785,931,-10,79,0,0
2,4408,5,0,393946,-82785,931,-10,79,0,0
1,4409,5,0,393946,-82785,930,-11,79,0,0
2,4409,5,0,393946,-82785,930,-11,79,0,0
1,4410,5,0,393946,-82785,928,-12,79,0,0
2,4410,5,0,393946,-82785,928,-12,79,0,0
1,4412,5,0,393946,-82785,924,-13,79,0,0
1,4413,5,0,393946,-82784,923,-12,79,0,0
1,4418,5,0,393946,-82784,918,-12,79,0,0
1,4419,5,0,393947,-82784,917,-12,79,0,0
2,4419,5,0,393947,-82784,917,-12,79,0,0
1,4420,5,0,393947,-82784,916,-11,79,0,0
2,4420,5,0,393947,-82784,916,-11,79,0,0
1,4422,5,0,393947,-82784,915,-10,79,0,0
2,4422,5,0,393947,-82784,915,-10,79,0,0
1,4423,5,0,393947,-82784,914,-10,79,0,0
2,4423,5,0,393947,-82784,914,-10,79,0,0
1,4424,5,0,393947,-82784,913,-10,79,0,0
2,4424,5,0,393947,-82784,913,-10,79,0,0
1,4426,5,0,393947,-82784,911,-10,79,0,0
2,4426,5,0,393947,-82784,911,-10,79,0,0
1,4442,5,0,393948,-82782,891,-12,79,0,0
2,4442,5,0,393948,-82782,891,-12,79,0,0
1,4444,5,0,393948,-82782,888,-12,79,0,0
2,4444,5,0,393948,-82782,888,-12,79,0,0
1,4445,5,0,393948,-82782,887,-12,79,0,0
2,4445,5,0,393948,-82782,887,-12,79,0,0
1,4446,5,0,393948,-82782,886,-12,79,0,0
2,4446,5,0,393948,-82782,886,-12,79,0,0
1,4449,5,0,393949,-82782,882,-12,79,0,0
2,4449,5,0,393949,-82782,882,-12,79,0,0
1,4450,5,0,393949,-82782,881,-12,78,0,0
2,4450,5,0,393949,-82782,881,-12,78,0,0
1,4452,5,0,393949,-82781,880,-10,79,0,0
2,4452,5,0,393949,-82781,880,-10,79,0,0
1,4453,5,0,393949,-82781,879,-10,79,0,0
2,4453,5,0,393949,-82781,879,-10,79,0,0
1,4454,5,0,393949,-82781,877,-11,79,0,0
2,4454,5,0,393949,-82781,877,-11,79,0,0
1,4457,5,0,393949,-82781,873,-12,79,0,0
2,4457,5,0,393949,-82781,873,-12,79,0,0
1,4458,5,0,393949,-82781,871,-12,79,0,0
2,4458,5,0,393949,-82781,871,-12,79,0,0
1,4459,5,0,393950,-82781,870,-13,79,0,0
2,4459,5,0,393950,-82781,870,-13,79,0,0
1,4460,5,0,393950,-82781,869,-12,79,0,0
2,4460,5,0,393950,-82781,869,-12,79,0,0
1,4461,5,0,393950,-82781,868,-12,79,0,0
2,4461,5,0,393950,-82781,868,-12,79,0,0
1,4463,5,0,393950,-82780,865,-12,79,0,0
2,4463,5,0,393950,-82780,865,-12,79,0,0
1,4464,5,0,393950,-82780,864,-12,79,0,0
2,4464,5,0,393950,-82780,864,-12,79,0,0
1,4470,5,0,393951,-82780,856,-12,79,0,0
2,4470,5,0,393951,-82780,856,-12,79,0,0
1,4475,5,0,393951,-82779,849,-12,79,0,0
1,4476,5,0,393951,-82779,849,-12,79,0,0
2,4476,5,0,393951,-82779,849,-12,79,0,0
1,4479,5,0,393951,-82779,847,-10,79,0,0
2,4479,5,0,393951,-82779,847,-10,79,0,0
1,4480,5,0,393951,-82779,847,-9,78,0,0
2,4480,5,0,393951,-82779,847,-9,78,0,0
1,4480,5,0,393951,-82779,847,-9,78,0,0
2,4480,5,0,393951,-82779,847,-9,78,0,0
1,4481,5,0,393951,-82778,845,-10,79,0,0
2,4481,5,0,393951,-82778,845,-10,79,0,0
1,4483,5,0,393951,-82778,842,-11,79,0,0
2,4483,5,0,393951,-82778,842,-11,79,0,0
1,4485,5,0,393952,-82778,841,-10,79,0,0
1,4486,5,0,393952,-82778,840,-9,79,0,0
2,4486,5,0,393952,-82778,840,-9,79,0,0
1,4487,5,0,393952,-82778,840,-9,79,0,0
2,4487,5,0,393952,-82778,840,-9,79,0,0
2,4488,5,0,393952,-82778,839,-9,78,0,0
1,4489,5,0,393952,-82778,837,-10,79,0,0
2,4489,5,0,393952,-82778,837,-10,79,0,0
1,4490,5,0,393952,-82778,836,-10,79,0,0
2,4490,5,0,393952,-82778,836,-10,79,0,0
1,4492,5,0,393952,-82778,833,-10,80,0,0
2,4492,5,0,393952,-82778,833,-10,80,0,0
1,4493,5,0,393952,-82778,832,-11,79,0,0
2,4493,5,0,393952,-82778,832,-11,79,0,0
1,4494,5,0,393952,-82778,830,-12,79,0,0
2,4494,5,0,393952,-82778,830,-12,79,0,0
1,4495,5,0,393952,-82778,827,-13,79,0,0
2,4495,5,0,393952,-82778,827,-13,79,0,0
1,4496,5,0,393952,-82778,826,-13,79,0,0
2,4496,5,0,393952,-82778,826,-13,79,0,0
2,4499,5,0,393952,-82778,825,-10,79,0,0
1,4500,5,0,393952,-82778,825,-10,79,0,0
2,4500,5,0,393952,-82778,825,-10,79,0,0
1,4501,5,0,393952,-82777,823,-10,79,0,0
2,4501,5,0,393952,-82777,823,-10,79,0,0
1,4502,5,0,393952,-82777,822,-10,79,0,0
2,4502,5,0,393952,-82777,822,-10,79,0,0
1,4503,5,0,393953,-82777,821,-10,79,0,0
2,4503,5,0,393953,-82777,821,-10,79,0,0
1,4504,5,0,393953,-82777,819,-11,79,0,0
2,4504,5,0,393953,-82777,819,-11,79,0,0
1,4507,5,0,393953,-82777,812,-14,79,0,0
2,4507,5,0,393953,-82777,812,-14,79,0,0
1,4508,5,0,393953,-82777,811,-14,79,0,0
2,4508,5,0,393953,-82777,811,-14,79,0,0
1,4509,5,0,393953,-82777,810,-13,79,0,0
2,4509,5,0,393953,-82777,810,-13,79,0,0
1,4510,5,0,393953,-82777,809,-13,79,0,0
2,4510,5,0,393953,-82777,809,-13,79,0,0
1,4511,5,0,393953,-82777,808,-12,79,0,0
2,4512,5,0,393953,-82777,807,-12,79,0,0
1,4513,5,0,393953,-82776,807,-11,79,0,0
1,4514,5,0,393953,-82776,806,-11,79,0,0
1,4515,5,0,393953,-82776,806,-10,79,0,0
2,4515,5,0,393953,-82776,806,-10,79,0,0
1,4516,5,0,393953,-82776,804,-10,79,0,0
1,4517,5,0,393953,-82776,803,-10,79,0,0
1,4518,5,0,393953,-82776,802,-11,79,0,0
2,4518,5,0,393953,-82776,802,-11,79,0,0
1,4519,5,0,393953,-82776,801,-11,79,0,0
2,4519,5,0,393953,-82776,801,-11,79,0,0
1,4525,5,0,393954,-82776,793,-12,78,0,0
1,4530,5,0,393954,-82775,787,-12,79,0,0
2,4530,5,0,393954,-82775,787,-12,79,0,0
1,4534,5,0,393954,-82775,781,-13,79,0,0
2,4534,5,0,393954,-82775,781,-13,79,0,0
1,4539,5,0,393954,-82775,773,-14,78,0,0
2,4539,5,0,393954,-82775,773,-14,78,0,0
1,4543,5,0,393955,-82774,764,-17,79,0,0
2,4543,5,0,393955,-82774,764,-17,79,0,0
1,4545,5,0,393955,-82774,763,-14,78,0,0
1,4546,5,0,393955,-82774,762,-13,78,0,0
2,4546,5,0,393955,-82774,762,-13,78,0,0
1,4547,5,0,393955,-82774,762,-13,78,0,0
2,4547,5,0,393955,-82774,762,-13,78,0,0
1,4548,5,0,393955,-82774,762,-12,78,0,0
1,4549,5,0,393955,-82774,762,-10,79,0,0
2,4549,5,0,393955,-82774,762,-10,79,0,0
1,4550,5,0,393955,-82774,761,-9,78,0,0
2,4550,5,0,393955,-82774,761,-9,78,0,0
1,4552,5,0,393955,-82774,759,-10,78,0,0
2,4552,5,0,393955,-82774,759,-10,78,0,0
1,4553,5,0,393955,-82774,757,-11,79,0,0
2,4553,5,0,393955,-82774,757,-11,79,0,0
1,4554,5,0,393955,-82774,755,-11,78,0,0
2,4554,5,0,393955,-82774,755,-11,78,0,0
1,4555,5,0,393955,-82774,753,-12,78,0,0
2,4555,5,0,393955,-82774,753,-12,78,0,0
1,4556,5,0,393955,-82774,753,-11,78,0,0
2,4556,5,0,393955,-82774,753,-11,78,0,0
2,4561,5,0,393955,-82773,744,-14,78,0,0
1,4563,5,0,393955,-82773,743,-12,78,0,0
2,4563,5,0,393955,-82773,743,-12,78,0,0
1,4567,5,0,393955,-82773,737,-13,78,0,0
2,4567,5,0,393955,-82773,737,-13,78,0,0
1,4571,5,0,393956,-82773,735,-10,78,0,0
2,4571,5,0,393956,-82773,735,-10,78,0,0
1,4574,5,0,393956,-82772,730,-11,78,0,0
2,4574,5,0,393956,-82772,730,-11,78,0,0
1,4575,5,0,393956,-82772,729,-11,78,0,0
2,4577,5,0,393956,-82772,728,-10,78,0,0
1,4582,5,0,393956,-82772,722,-11,78,0,0
1,4585,5,0,393957,-82772,719,-11,78,0,0
2,4585,5,0,393957,-82772,719,-11,78,0,0
1,4589,5,0,393957,-82772,713,-11,78,0,0
2,4589,5,0,393957,-82772,713,-11,78,0,0
1,4592,5,0,393957,-82771,710,-11,78,0,0
2,4592,5,0,393957,-82771,710,-11,78,0,0
1,4593,5,0,393957,-82771,710,-10,78,0,0
1,4595,5,0,393957,-82771,709,-9,78,0,0
1,4597,5,0,393957,-82771,707,-9,78,0,0
1,4598,5,0,393957,-82771,706,-9,79,0,0
2,4598,5,0,393957,-82771,706,-9,79,0,0
1,4599,5,0,393957,-82771,706,-9,78,0,0
1,4600,5,0,393957,-82771,705,-8,78,0,0
2,4600,5,0,393957,-82771,705,-8,78,0,0
1,4601,5,0,393957,-82771,705,-7,78,0,0
2,4601,5,0,393957,-82771,705,-7,78,0,0
1,4603,5,0,393958,-82771,705,-6,79,0,0
2,4603,5,0,393958,-82771,705,-6,79,0,0
1,4615,5,0,393958,-82770,694,-8,78,0,0
1,4621,5,0,393959,-82770,690,-7,78,0,0
1,4626,5,0,393959,-82770,685,-8,78,0,0
2,4628,5,0,393959,-82770,683,-8,78,0,0
2,4629,5,0,393959,-82769,682,-9,78,0,0
1,4630,5,0,393959,-82769,680,-10,78,0,0
2,4630,5,0,393959,-82769,680,-10,78,0,0
1,4631,5,0,393959,-82769,679,-10,78,0,0
2,4631,5,0,393959,-82769,679,-10,78,0,0
1,4632,5,0,393959,-82769,678,-10,78,0,0
2,4632,5,0,393959,-82769,678,-10,78,0,0
1,4634,5,0,393959,-82769,675,-10,78,0,0
1,4635,5,0,393960,-82769,674,-11,78,0,0
2,4635,5,0,393960,-82769,674,-11,78,0,0
1,4636,5,0,393960,-82769,672,-11,78,0,0
1,4637,5,0,393960,-82769,671,-11,78,0,0
1,4638,5,0,393960,-82769,671,-10,78,0,0
2,4638,5,0,393960,-82769,671,-10,78,0,0
1,4639,5,0,393960,-82769,670,-10,78,0,0
2,4639,5,0,393960,-82769,670,-10,78,0,0
1,4641,5,0,393960,-82769,667,-11,78,0,0
2,4641,5,0,393960,-82769,667,-11,78,0,0
1,4643,5,0,393960,-82769,666,-10,78,0,0
2,4643,5,0,393960,-82769,666,-10,78,0,0
1,4644,5,0,393960,-82769,666,-9,78,0,0
2,4644,5,0,393960,-82769,666,-9,78,0,0
1,4645,5,0,393960,-82769,665,-9,78,0,0
2,4645,5,0,393960,-82769,665,-9,78,0,0
1,4646,5,0,393960,-82769,664,-8,78,0,0
2,4646,5,0,393960,-82769,664,-8,78,0,0
1,4650,5,0,393960,-82769,663,-7,78,0,0
2,4650,5,0,393960,-82769,663,-7,78,0,0
1,4651,5,0,393961,-82769,662,-7,78,0,0
2,4651,5,0,393961,-82769,662,-7,78,0,0
1,4652,5,0,393961,-82769,661,-6,78,0,0
2,4652,5,0,393961,-82769,661,-6,78,0,0
1,4653,5,0,393961,-82768,661,-6,78,0,0
2,4653,5,0,393961,-82768,661,-6,78,0,0
1,4654,5,0,393961,-82768,660,-7,78,0,0
2,4654,5,0,393961,-82768,660,-7,78,0,0
1,4656,5,0,393961,-82768,658,-7,78,0,0
2,4656,5,0,393961,-82768,658,-7,78,0,0
1,4657,5,0,393961,-82768,658,-7,78,0,0
2,4657,5,0,393961,-82768,658,-7,78,0,0
1,4658,5,0,393961,-82768,657,-7,78,0,0
2,4658,5,0,393961,-82768,657,-7,78,0,0
1,4659,5,0,393961,-82768,656,-7,78,0,0
2,4659,5,0,393961,-82768,656,-7,78,0,0
2,4660,5,0,393961,-82768,655,-7,78,0,0
1,4661,5,0,393961,-82768,654,-8,78,0,0
2,4661,5,0,393961,-82768,654,-8,78,0,0
1,4664,5,0,393961,-82768,651,-8,78,0,0
2,4664,5,0,393961,-82768,651,-8,78,0,0
1,4665,5,0,393961,-82768,650,-8,78,0,0
2,4665,5,0,393961,-82768,650,-8,78,0,0
1,4666,5,0,393961,-82768,649,-8,78,0,0
2,4666,5,0,393961,-82768,649,-8,78,0,0
1,4667,5,0,393961,-82768,647,-9,78,0,0
2,4667,5,0,393961,-82768,647,-9,78,0,0
1,4668,5,0,393961,-82768,646,-9,78,0,0
1,4670,5,0,393962,-82768,644,-9,78,0,0
2,4670,5,0,393962,-82768,644,-9,78,0,0
1,4671,5,0,393962,-82768,643,-9,78,0,0
2,4671,5,0,393962,-82768,643,-9,78,0,0
1,4672,5,0,393962,-82768,642,-9,78,0,0
1,4673,5,0,393962,-82768,641,-10,78,0,0
2,4673,5,0,393962,-82768,641,-10,78,0,0
1,4678,5,0,393962,-82768,637,-8,78,0,0
1,4679,5,0,393962,-82768,636,-9,78,0,0
2,4679,5,0,393962,-82768,636,-9,78,0,0
1,4683,5,0,393962,-82767,633,-8,78,0,0
2,4683,5,0,393962,-82767,633,-8,78,0,0
1,4685,5,0,393962,-82767,632,-7,78,0,0
1,4690,5,0,393963,-82767,628,-7,78,0,0
2,4690,5,0,393963,-82767,628,-7,78,0,0
1,4694,5,0,393963,-82767,625,-7,78,0,0
2,4694,5,0,393963,-82767,625,-7,78,0,0
1,4697,5,0,393963,-82767,622,-8,78,0,0
1,4698,5,0,393963,-82767,621,-8,78,0,0
1,4701,5,0,393963,-82767,619,-8,78,0,0
1,4706,5,0,393963,-82767,613,-9,78,0,0
2,4706,5,0,393963,-82767,613,-9,78,0,0
1,4707,5,0,393963,-82767,613,-8,78,0,0
2,4707,5,0,393963,-82767,613,-8,78,0,0
1,4708,5,0,393964,-82767,612,-8,79,0,0
2,4708,5,0,393964,-82767,612,-8,79,0,0
1,4709,5,0,393964,-82767,611,-9,78,0,0
2,4709,5,0,393964,-82767,611,-9,78,0,0
1,4710,5,0,393964,-82767,609,-9,78,0,0
1,4711,5,0,393964,-82767,608,-9,78,0,0
2,4711,5,0,393964,-82767,608,-9,78,0,0
1,4713,5,0,393964,-82767,608,-8,78,0,0
2,4713,5,0,393964,-82767,608,-8,78,0,0
1,4714,5,0,393964,-82767,608,-7,78,0,0
2,4714,5,0,393964,-82767,608,-7,78,0,0
1,4715,5,0,393964,-82767,607,-7,78,0,0
2,4715,5,0,393964,-82767,607,-7,78,0,0
1,4716,5,0,393964,-82767,606,-8,78,0,0
2,4716,5,0,393964,-82767,606,-8,78,0,0
1,4718,5,0,393964,-82766,603,-9,78,0,0
2,4718,5,0,393964,-82766,603,-9,78,0,0
1,4719,5,0,393964,-82766,602,-8,79,0,0
1,4721,5,0,393964,-82766,603,-6,79,0,0
2,4721,5,0,393964,-82766,603,-6,79,0,0
1,4722,5,0,393964,-82766,602,-6,78,0,0
2,4722,5,0,393964,-82766,602,-6,78,0,0
1,4723,5,0,393964,-82766,601,-7,78,0,0
2,4723,5,0,393964,-82766,601,-7,78,0,0
1,4724,5,0,393964,-82766,600,-7,78,0,0
2,4724,5,0,393964,-82766,600,-7,78,0,0
1,4727,5,0,393964,-82766,597,-8,79,0,0
2,4727,5,0,393964,-82766,597,-8,79,0,0
1,4728,5,0,393964,-82766,596,-7,79,0,0
2,4728,5,0,393964,-82766,596,-7,79,0,0
1,4729,5,0,393964,-82766,595,-7,78,0,0
2,4729,5,0,393964,-82766,595,-7,78,0,0
1,4731,5,0,393965,-82766,592,-9,78,0,0
2,4731,5,0,393965,-82766,592,-9,78,0,0
1,4732,5,0,393965,-82766,591,-9,78,0,0
2,4732,5,0,393965,-82766,591,-9,78,0,0
1,4734,5,0,393965,-82766,589,-9,79,0,0
2,4734,5,0,393965,-82766,589,-9,79,0,0
1,4736,5,0,393965,-82766,588,-8,78,0,0
2,4736,5,0,393965,-82766,588,-8,78,0,0
1,4737,5,0,393965,-82766,587,-9,79,0,0
2,4737,5,0,393965,-82766,587,-9,79,0,0
1,4738,5,0,393965,-82766,585,-9,79,0,0
2,4738,5,0,393965,-82766,585,-9,79,0,0
1,4739,5,0,393965,-82765,584,-9,79,0,0
2,4739,5,0,393965,-82765,584,-9,79,0,0
1,4741,5,0,393965,-82765,584,-8,79,0,0
2,4741,5,0,393965,-82765,584,-8,79,0,0
1,4742,5,0,393965,-82765,583,-7,79,0,0
2,4742,5,0,393965,-82765,583,-7,79,0,0
1,4743,5,0,393965,-82765,583,-7,78,0,0
2,4743,5,0,393965,-82765,583,-7,78,0,0
1,4744,5,0,393965,-82765,581,-8,79,0,0
2,4744,5,0,393965,-82765,581,-8,79,0,0
1,4745,5,0,393965,-82765,580,-8,79,0,0
2,4745,5,0,393965,-82765,580,-8,79,0,0
1,4747,5,0,393965,-82765,578,-9,78,0,0
2,4747,5,0,393965,-82765,578,-9,78,0,0
1,4748,5,0,393965,-82765,577,-8,79,0,0
1,4749,5,0,393966,-82765,577,-8,79,0,0
2,4749,5,0,393966,-82765,577,-8,79,0,0
1,4750,5,0,393966,-82765,576,-7,79,0,0
2,4750,5,0,393966,-82765,576,-7,79,0,0
1,4751,5,0,393966,-82765,576,-7,78,0,0
2,4751,5,0,393966,-82765,576,-7,78,0,0
1,4752,5,0,393966,-82765,574,-8,79,0,0
1,4754,5,0,393966,-82765,572,-9,79,0,0
1,4755,5,0,393966,-82765,571,-9,79,0,0
2,4755,5,0,393966,-82765,571,-9,79,0,0
1,4756,5,0,393966,-82765,570,-8,79,0,0
2,4756,5,0,393966,-82765,570,-8,79,0,0
1,4757,5,0,393966,-82765,570,-8,79,0,0
2,4757,5,0,393966,-82765,570,-8,79,0,0
1,4758,5,0,393966,-82765,570,-7,78,0,0
2,4758,5,0,393966,-82765,570,-7,78,0,0
1,4759,5,0,393966,-82765,569,-7,78,0,0
2,4759,5,0,393966,-82765,569,-7,78,0,0
1,4761,5,0,393966,-82765,567,-8,79,0,0
2,4761,5,0,393966,-82765,567,-8,79,0,0
1,4762,5,0,393966,-82765,565,-8,79,0,0
2,4762,5,0,393966,-82765,565,-8,79,0,0
1,4763,5,0,393966,-82765,565,-8,78,0,0
2,4763,5,0,393966,-82765,565,-8,78,0,0
1,4764,5,0,393966,-82765,564,-8,79,0,0
2,4764,5,0,393966,-82765,564,-8,79,0,0
1,4765,5,0,393966,-82765,564,-7,78,0,0
2,4765,5,0,393966,-82765,564,-7,78,0,0
1,4767,5,0,393966,-82765,562,-7,78,0,0
2,4767,5,0,393966,-82765,562,-7,78,0,0
1,4769,5,0,393966,-82764,559,-9,79,0,0
2,4769,5,0,393966,-82764,559,-9,79,0,0
1,4770,5,0,393966,-82764,558,-9,79,0,0
1,4771,5,0,393966,-82764,558,-8,79,0,0
2,4771,5,0,393966,-82764,558,-8,79,0,0
1,4772,5,0,393966,-82764,557,-8,79,0,0
1,4773,5,0,393967,-82764,556,-8,79,0,0
2,4773,5,0,393967,-82764,556,-8,79,0,0
1,4775,5,0,393967,-82764,554,-9,79,0,0
2,4775,5,0,393967,-82764,554,-9,79,0,0
1,4776,5,0,393967,-82764,552,-10,78,0,0
2,4776,5,0,393967,-82764,552,-10,78,0,0
2,4777,5,0,393967,-82764,551,-10,79,0,0
1,4778,5,0,393967,-82764,550,-10,79,0,0
2,4778,5,0,393967,-82764,550,-10,79,0,0
1,4779,5,0,393967,-82764,550,-9,79,0,0
2,4779,5,0,393967,-82764,550,-9,79,0,0
1,4782,5,0,393967,-82764,547,-9,79,0,0
2,4782,5,0,393967,-82764,547,-9,79,0,0
1,4783,5,0,393967,-82764,546,-10,79,0,0
2,4783,5,0,393967,-82764,546,-10,79,0,0
2,4784,5,0,393967,-82764,544,-10,79,0,0
1,4791,5,0,393967,-82764,539,-9,79,0,0
1,4792,5,0,393967,-82764,538,-8,78,0,0
1,4793,5,0,393967,-82764,538,-8,79,0,0
1,4794,5,0,393967,-82764,538,-7,79,0,0
2,4796,5,0,393968,-82764,535,-8,79,0,0
1,4799,5,0,393968,-82764,533,-8,79,0,0
2,4799,5,0,393968,-82764,533,-8,79,0,0
1,4801,5,0,393968,-82764,531,-8,79,0,0
2,4801,5,0,393968,-82764,531,-8,79,0,0
1,4802,5,0,393968,-82763,530,-8,79,0,0
2,4802,5,0,393968,-82763,530,-8,79,0,0
1,4803,5,0,393968,-82763,529,-9,79,0,0
2,4803,5,0,393968,-82763,529,-9,79,0,0
1,4804,5,0,393968,-82763,527,-9,79,0,0
2,4804,5,0,393968,-82763,527,-9,79,0,0
1,4806,5,0,393968,-82763,526,-9,79,0,0
1,4807,5,0,393968,-82763,526,-8,79,0,0
2,4807,5,0,393968,-82763,526,-8,79,0,0
1,4808,5,0,393968,-82763,525,-8,79,0,0
2,4808,5,0,393968,-82763,525,-8,79,0,0
1,4809,5,0,393968,-82763,524,-8,79,0,0
1,4810,5,0,393968,-82763,522,-9,79,0,0
2,4810,5,0,393968,-82763,522,-9,79,0,0
1,4811,5,0,393968,-82763,521,-10,79,0,0
2,4811,5,0,393968,-82763,521,-10,79,0,0
1,4813,5,0,393968,-82763,520,-8,79,0,0
1,4814,5,0,393969,-82763,520,-8,79,0,0
1,4815,5,0,393969,-82763,519,-8,78,0,0
2,4815,5,0,393969,-82763,519,-8,78,0,0
2,4816,5,0,393969,-82763,518,-8,79,0,0
1,4817,5,0,393969,-82763,516,-9,79,0,0
2,4817,5,0,393969,-82763,516,-9,79,0,0
1,4819,5,0,393969,-82763,513,-9,78,0,0
1,4824,5,0,393969,-82763,510,-8,79,0,0
1,4832,5,0,393969,-82763,502,-9,78,0,0
1,4835,5,0,393970,-82763,500,-8,79,0,0
1,4836,5,0,393970,-82763,499,-8,78,0,0
1,4838,5,0,393970,-82763,497,-9,79,0,0
2,4838,5,0,393970,-82763,497,-9,79,0,0
1,4839,5,0,393970,-82763,496,-9,79,0,0
2,4839,5,0,393970,-82763,496,-9,79,0,0
1,4840,5,0,393970,-82763,495,-9,78,0,0
2,4840,5,0,393970,-82763,495,-9,78,0,0
1,4841,5,0,393970,-82763,494,-9,79,0,0
2,4841,5,0,393970,-82763,494,-9,79,0,0
1,4844,5,0,393970,-82762,492,-8,78,0,0
2,4844,5,0,393970,-82762,492,-8,78,0,0
1,4845,5,0,393970,-82762,491,-8,78,0,0
2,4845,5,0,393970,-82762,491,-8,78,0,0
1,4846,5,0,393970,-82762,490,-9,78,0,0
2,4846,5,0,393970,-82762,490,-9,78,0,0
1,4847,5,0,393970,-82762,488,-9,79,0,0
2,4847,5,0,393970,-82762,488,-9,79,0,0
1,4848,5,0,393970,-82762,487,-9,79,0,0
2,4848,5,0,393970,-82762,487,-9,79,0,0
2,4850,5,0,393970,-82762,486,-8,78,0,0
1,4851,5,0,393970,-82762,486,-8,79,0,0
2,4851,5,0,393970,-82762,486,-8,79,0,0
1,4852,5,0,393970,-82762,485,-8,78,0,0
2,4852,5,0,393970,-82762,485,-8,78,0,0
1,4853,5,0,393970,-82762,483,-8,79,0,0
2,4853,5,0,393970,-82762,483,-8,79,0,0
1,4854,5,0,393971,-82762,482,-9,79,0,0
2,4854,5,0,393971,-82762,482,-9,79,0,0
1,4855,5,0,393971,-82762,481,-9,79,0,0
1,4859,5,0,393971,-82762,478,-8,79,0,0
2,4859,5,0,393971,-82762,478,-8,79,0,0
1,4860,5,0,393971,-82762,477,-9,79,0,0
2,4860,5,0,393971,-82762,477,-9,79,0,0
1,4861,5,0,393971,-82762,476,-9,78,0,0
2,4861,5,0,393971,-82762,476,-9,78,0,0
1,4862,5,0,393971,-82762,475,-9,79,0,0
2,4862,5,0,393971,-82762,475,-9,79,0,0
1,4863,5,0,393971,-82762,474,-9,79,0,0
2,4863,5,0,393971,-82762,474,-9,79,0,0
1,4865,5,0,393971,-82762,472,-9,79,0,0
2,4865,5,0,393971,-82762,472,-9,79,0,0
1,4866,5,0,393971,-82762,471,-9,78,0,0
1,4867,5,0,393971,-82762,470,-9,79,0,0
2,4867,5,0,393971,-82762,470,-9,79,0,0
2,4868,5,0,393971,-82762,470,-8,79,0,0
1,4868,5,0,393971,-82762,470,-8,79,0,0
1,4869,5,0,393971,-82762,470,-8,79,0,0
1,4870,5,0,393971,-82762,470,-7,79,0,0
2,4870,5,0,393971,-82762,470,-7,79,0,0
1,4873,5,0,393971,-82762,466,-8,79,0,0
2,4873,5,0,393971,-82762,466,-8,79,0,0
1,4874,5,0,393971,-82762,465,-8,79,0,0
2,4874,5,0,393971,-82762,465,-8,79,0,0
1,4875,5,0,393971,-82762,464,-8,79,0,0
2,4875,5,0,393971,-82762,464,-8,79,0,0
1,4876,5,0,393971,-82762,464,-8,79,0,0
2,4876,5,0,393971,-82762,464,-8,79,0,0
1,4877,5,0,393971,-82762,463,-8,79,0,0
1,4878,5,0,393972,-82762,462,-8,79,0,0
2,4878,5,0,393972,-82762,462,-8,79,0,0
1,4879,5,0,393972,-82762,461,-8,78,0,0
1,4881,5,0,393972,-82762,458,-9,78,0,0
2,4881,5,0,393972,-82762,458,-9,78,0,0
1,4882,5,0,393972,-82762,457,-10,79,0,0
2,4882,5,0,393972,-82762,457,-10,79,0,0
1,4883,5,0,393972,-82762,456,-10,78,0,0
2,4883,5,0,393972,-82762,456,-10,78,0,0
1,4884,5,0,393972,-82762,455,-9,79,0,0
2,4884,5,0,393972,-82762,455,-9,79,0,0
1,4886,5,0,393972,-82762,453,-9,79,0,0
2,4886,5,0,393972,-82762,453,-9,79,0,0
1,4887,5,0,393972,-82762,452,-10,79,0,0
1,4888,5,0,393972,-82762,451,-10,79,0,0
2,4888,5,0,393972,-82762,451,-10,79,0,0
1,4889,5,0,393972,-82762,450,-10,79,0,0
2,4889,5,0,393972,-82762,450,-10,79,0,0
1,4890,5,0,393972,-82762,449,-10,78,0,0
2,4890,5,0,393972,-82762,449,-10,78,0,0
1,4891,5,0,393972,-82762,448,-10,79,0,0
2,4891,5,0,393972,-82762,448,-10,79,0,0
1,4893,5,0,393972,-82762,446,-9,79,0,0
2,4894,5,0,393972,-82762,445,-9,79,0,0
1,4896,5,0,393972,-82762,443,-9,78,0,0
2,4896,5,0,393972,-82762,443,-9,78,0,0
1,4897,5,0,393972,-82762,443,-8,79,0,0
2,4897,5,0,393972,-82762,443,-8,79,0,0
1,4898,5,0,393973,-82762,443,-7,78,0,0
1,4899,5,0,393973,-82762,442,-7,79,0,0
1,4901,5,0,393973,-82762,440,-8,79,0,0
2,4901,5,0,393973,-82762,440,-8,79,0,0
1,4903,5,0,393973,-82762,438,-8,79,0,0
2,4903,5,0,393973,-82762,438,-8,79,0,0
1,4904,5,0,393973,-82762,438,-8,79,0,0
1,4905,5,0,393973,-82762,437,-7,78,0,0
2,4905,5,0,393973,-82762,437,-7,78,0,0
1,4906,5,0,393973,-82762,436,-8,79,0,0
2,4906,5,0,393973,-82762,436,-8,79,0,0
1,4907,5,0,393973,-82762,435,-8,79,0,0
2,4907,5,0,393973,-82762,435,-8,79,0,0
1,4910,5,0,393973,-82761,432,-8,79,0,0
2,4910,5,0,393973,-82761,432,-8,79,0,0
2,4911,5,0,393973,-82761,431,-8,79,0,0
1,4912,5,0,393973,-82761,431,-8,79,0,0
1,4913,5,0,393973,-82761,430,-8,79,0,0
2,4913,5,0,393973,-82761,430,-8,79,0,0
1,4914,5,0,393973,-82761,429,-8,79,0,0
2,4914,5,0,393973,-82761,429,-8,79,0,0
1,4915,5,0,393974,-82761,428,-9,79,0,0
2,4915,5,0,393974,-82761,428,-9,79,0,0
1,4918,5,0,393974,-82761,425,-9,79,0,0
2,4918,5,0,393974,-82761,425,-9,79,0,0
1,4920,5,0,393974,-82761,424,-8,78,0,0
2,4920,5,0,393974,-82761,424,-8,78,0,0
1,4921,5,0,393974,-82761,422,-9,79,0,0
2,4921,5,0,393974,-82761,422,-9,79,0,0
2,4928,6,0,393974,-82761,415,-9,79,0,0
1,4928,6,0,393974,-82761,415,-9,79,0,0
1,4930,6,0,393974,-82761,414,-9,79,0,0
1,4931,6,0,393974,-82761,413,-8,79,0,0
1,4934,6,0,393975,-82761,410,-9,79,0,0
2,4934,6,0,393975,-82761,410,-9,79,0,0
1,4935,6,0,393975,-82761,409,-9,78,0,0
2,4935,6,0,393975,-82761,409,-9,78,0,0
1,4936,6,0,393975,-82761,409,-8,79,0,0
2,4936,6,0,393975,-82761,409,-8,79,0,0
1,4937,6,0,393975,-82761,409,-7,79,0,0
1,4938,6,0,393975,-82761,408,-7,78,0,0
2,4938,6,0,393975,-82761,408,-7,78,0,0
1,4939,6,0,393975,-82761,407,-7,79,0,0
2,4939,6,0,393975,-82761,407,-7,79,0,0
2,4942,6,0,393975,-82761,403,-9,79,0,0
1,4943,6,0,393975,-82761,403,-8,78,0,0
2,4943,6,0,393975,-82761,403,-8,78,0,0
1,4944,6,0,393975,-82761,403,-8,78,0,0
2,4944,6,0,393975,-82761,403,-8,78,0,0
1,4945,6,0,393975,-82761,402,-8,79,0,0
2,4945,6,0,393975,-82761,402,-8,79,0,0
1,4946,6,0,393975,-82761,400,-9,79,0,0
2,4946,6,0,393975,-82761,400,-9,79,0,0
1,4948,6,0,393975,-82761,398,-9,79,0,0
1,4949,6,0,393975,-82761,396,-9,79,0,0
2,4949,6,0,393975,-82761,396,-9,79,0,0
1,4950,6,0,393975,-82761,396,-9,79,0,0
2,4950,6,0,393975,-82761,396,-9,79,0,0
1,4952,6,0,393975,-82761,394,-9,79,0,0
2,4952,6,0,393975,-82761,394,-9,79,0,0
1,4953,6,0,393975,-82761,393,-9,79,0,0
2,4953,6,0,393975,-82761,393,-9,79,0,0
1,4954,6,0,393976,-82761,392,-9,78,0,0
2,4954,6,0,393976,-82761,392,-9,78,0,0
1,4956,6,0,393976,-82760,389,-10,79,0,0
1,4958,6,0,393976,-82760,388,-9,79,0,0
2,4958,6,0,393976,-82760,388,-9,79,0,0
1,4959,6,0,393976,-82760,387,-9,79,0,0
2,4959,6,0,393976,-82760,387,-9,79,0,0
2,4960,6,0,393976,-82760,386,-9,79,0,0
1,4961,6,0,393976,-82760,385,-9,78,0,0
2,4961,6,0,393976,-82760,385,-9,78,0,0
1,4962,6,0,393976,-82760,384,-9,79,0,0
2,4962,6,0,393976,-82760,384,-9,79,0,0
1,4965,6,0,393976,-82760,382,-8,79,0,0
2,4965,6,0,393976,-82760,382,-8,79,0,0
1,4966,6,0,393976,-82760,382,-8,79,0,0
2,4966,6,0,393976,-82760,382,-8,79,0,0
2,4967,6,0,393976,-82760,381,-7,79,0,0
1,4968,6,0,393976,-82760,380,-8,79,0,0
2,4968,6,0,393976,-82760,380,-8,79,0,0
1,4969,6,0,393976,-82760,379,-8,79,0,0
2,4969,6,0,393976,-82760,379,-8,79,0,0
1,4971,6,0,393976,-82760,376,-9,79,0,0
1,4973,6,0,393977,-82760,374,-9,78,0,0
2,4973,6,0,393977,-82760,374,-9,78,0,0
2,4974,6,0,393977,-82760,374,-9,79,0,0
1,4975,6,0,393977,-82760,373,-9,78,0,0
2,4975,6,0,393977,-82760,373,-9,78,0,0
1,4976,6,0,393977,-82760,372,-9,79,0,0
2,4976,6,0,393977,-82760,372,-9,79,0,0
1,4977,6,0,393977,-82760,371,-9,79,0,0
1,4978,6,0,393977,-82760,369,-9,79,0,0
2,4978,6,0,393977,-82760,369,-9,79,0,0
1,4980,6,0,393977,-82760,367,-9,79,0,0
2,4980,6,0,393977,-82760,367,-9,79,0,0
1,4981,6,0,393977,-82760,366,-9,79,0,0
2,4981,6,0,393977,-82760,366,-9,79,0,0
1,4982,6,0,393977,-82760,366,-9,79,0,0
2,4982,6,0,393977,-82760,366,-9,79,0,0
1,4987,6,0,393977,-82760,361,-9,79,0,0
1,4994,6,0,393978,-82760,355,-8,79,0,0
1,5003,6,0,393978,-82760,346,-9,79,0,0
1,5006,6,0,393978,-82760,344,-8,79,0,0
1,5007,6,0,393978,-82760,343,-8,79,0,0
2,5007,6,0,393978,-82760,343,-8,79,0,0
2,5008,6,0,393978,-82760,342,-8,79,0,0
1,5008,6,0,393978,-82760,342,-8,79,0,0
1,5009,6,0,393978,-82760,341,-9,79,0,0
1,5010,6,0,393978,-82760,339,-9,79,0,0
2,5010,6,0,393978,-82760,339,-9,79,0,0
1,5011,6,0,393979,-82760,338,-10,79,0,0
2,5011,6,0,393979,-82760,338,-10,79,0,0
1,5014,6,0,393979,-82760,336,-9,79,0,0
2,5014,6,0,393979,-82760,336,-9,79,0,0
1,5015,6,0,393979,-82760,335,-9,78,0,0
2,5015,6,0,393979,-82760,335,-9,78,0,0
2,5016,6,0,393979,-82760,333,-9,79,0,0
1,5017,6,0,393979,-82760,332,-10,78,0,0
1,5018,6,0,393979,-82760,331,-10,79,0,0
2,5018,6,0,393979,-82760,331,-10,79,0,0
1,5019,6,0,393979,-82760,331,-9,79,0,0
2,5019,6,0,393979,-82760,331,-9,79,0,0
1,5021,6,0,393979,-82760,330,-8,79,0,0
2,5021,6,0,393979,-82760,330,-8,79,0,0
1,5023,6,0,393979,-82760,329,-7,79,0,0
1,5028,6,0,393980,-82760,324,-8,79,0,0
2,5031,6,0,393980,-82760,322,-8,79,0,0
1,5033,6,0,393980,-82759,320,-8,78,0,0
2,5033,6,0,393980,-82759,320,-8,78,0,0
1,5034,6,0,393980,-82759,318,-9,79,0,0
2,5034,6,0,393980,-82759,318,-9,79,0,0
1,5038,6,0,393980,-82759,314,-9,79,0,0
1,5040,6,0,393980,-82759,313,-9,79,0,0
2,5040,6,0,393980,-82759,313,-9,79,0,0
1,5041,6,0,393980,-82759,311,-9,79,0,0
1,5042,6,0,393980,-82759,310,-10,79,0,0
2,5042,6,0,393980,-82759,310,-10,79,0,0
1,5043,6,0,393980,-82759,309,-10,79,0,0
2,5043,6,0,393980,-82759,309,-10,79,0,0
2,5044,6,0,393980,-82759,309,-9,79,0,0
1,5045,6,0,393981,-82759,308,-8,79,0,0
2,5045,6,0,393981,-82759,308,-8,79,0,0
2,5048,6,0,393981,-82759,305,-9,79,0,0
1,5049,6,0,393981,-82759,304,-9,78,0,0
2,5049,6,0,393981,-82759,304,-9,78,0,0
1,5050,6,0,393981,-82759,303,-9,79,0,0
2,5050,6,0,393981,-82759,303,-9,79,0,0
1,5051,6,0,393981,-82759,303,-8,79,0,0
2,5051,6,0,393981,-82759,303,-8,79,0,0
1,5053,6,0,393981,-82759,302,-8,79,0,0
2,5053,6,0,393981,-82759,302,-8,79,0,0
1,5054,6,0,393981,-82759,300,-8,79,0,0
2,5054,6,0,393981,-82759,300,-8,79,0,0
1,5057,6,0,393981,-82759,297,-9,79,0,0
2,5057,6,0,393981,-82759,297,-9,79,0,0
1,5058,6,0,393981,-82759,296,-9,78,0,0
2,5058,6,0,393981,-82759,296,-9,78,0,0
1,5059,6,0,393981,-82759,296,-8,79,0,0
2,5059,6,0,393981,-82759,296,-8,79,0,0
1,5060,6,0,393981,-82759,295,-8,79,0,0
2,5060,6,0,393981,-82759,295,-8,79,0,0
1,5061,6,0,393981,-82759,295,-7,79,0,0
2,5061,6,0,393981,-82759,295,-7,79,0,0
1,5062,6,0,393981,-82759,294,-7,79,0,0
2,5063,6,0,393981,-82759,293,-8,79,0,0
1,5064,6,0,393982,-82759,291,-9,79,0,0
1,5073,6,0,393982,-82759,282,-10,79,0,0
2,5073,6,0,393982,-82759,282,-10,79,0,0
1,5074,6,0,393982,-82759,281,-9,79,0,0
1,5075,6,0,393982,-82759,280,-9,79,0,0
2,5075,6,0,393982,-82759,280,-9,79,0,0
1,5077,6,0,393982,-82759,277,-10,79,0,0
1,5080,6,0,393982,-82759,274,-10,79,0,0
2,5080,6,0,393982,-82759,274,-10,79,0,0
1,5081,6,0,393982,-82759,273,-10,79,0,0
2,5081,6,0,393982,-82759,273,-10,79,0,0
1,5082,6,0,393982,-82759,273,-9,79,0,0
2,5082,6,0,393982,-82759,273,-9,79,0,0
1,5083,6,0,393982,-82759,273,-8,79,0,0
2,5083,6,0,393982,-82759,273,-8,79,0,0
1,5084,6,0,393982,-82758,272,-8,79,0,0
2,5084,6,0,393982,-82758,272,-8,79,0,0
1,5086,6,0,393983,-82758,270,-9,79,0,0
2,5086,6,0,393983,-82758,270,-9,79,0,0
1,5087,6,0,393983,-82758,269,-8,79,0,0
1,5088,6,0,393983,-82758,269,-8,79,0,0
2,5088,6,0,393983,-82758,269,-8,79,0,0
1,5089,6,0,393983,-82758,268,-8,79,0,0
2,5089,6,0,393983,-82758,268,-8,79,0,0
1,5090,6,0,393983,-82758,267,-8,78,0,0
2,5090,6,0,393983,-82758,267,-8,78,0,0
1,5091,6,0,393983,-82758,266,-8,79,0,0
1,5094,6,0,393983,-82758,264,-7,79,0,0
2,5094,6,0,393983,-82758,264,-7,79,0,0
1,5095,6,0,393983,-82758,264,-7,79,0,0
2,5095,6,0,393983,-82758,264,-7,79,0,0
1,5101,6,0,393983,-82758,257,-8,78,0,0
1,5107,6,0,393983,-82758,250,-10,78,0,0
1,5108,6,0,393983,-82758,249,-10,78,0,0
1,5110,6,0,393984,-82758,247,-10,78,0,0
1,5111,6,0,393984,-82758,247,-9,78,0,0
1,5114,6,0,393984,-82758,243,-10,79,0,0
1,5117,6,0,393984,-82758,241,-8,79,0,0
2,5117,6,0,393984,-82758,241,-8,79,0,0
1,5118,6,0,393984,-82758,241,-8,78,0,0
2,5118,6,0,393984,-82758,241,-8,78,0,0
1,5120,6,0,393984,-82758,239,-9,79,0,0
2,5120,6,0,393984,-82758,239,-9,79,0,0
1,5121,6,0,393984,-82758,237,-9,78,0,0
2,5121,6,0,393984,-82758,237,-9,78,0,0
1,5122,6,0,393984,-82758,236,-10,78,0,0
2,5122,6,0,393984,-82758,236,-10,78,0,0
1,5126,6,0,393984,-82758,234,-8,78,0,0
1,5132,6,0,393985,-82758,227,-9,78,0,0
1,5137,6,0,393985,-82758,222,-10,78,0,0
1,5140,6,0,393985,-82757,220,-8,78,0,0
2,5140,6,0,393985,-82757,220,-8,78,0,0
1,5144,6,0,393985,-82757,215,-10,79,0,0
2,5144,6,0,393985,-82757,215,-10,79,0,0
1,5145,6,0,393985,-82757,214,-10,78,0,0
2,5147,6,0,393985,-82757,213,-9,78,0,0
1,5148,6,0,393985,-82757,212,-9,78,0,0
1,5152,6,0,393985,-82757,206,-11,78,0,0
2,5152,6,0,393985,-82757,206,-11,78,0,0
1,5153,6,0,393985,-82757,205,-10,78,0,0
2,5153,6,0,393985,-82757,205,-10,78,0,0
1,5157,6,0,393986,-82757,203,-9,79,0,0
2,5157,6,0,393986,-82757,203,-9,79,0,0
1,5160,6,0,393986,-82757,199,-10,78,0,0
2,5160,6,0,393986,-82757,199,-10,78,0,0
1,5161,6,0,393986,-82757,199,-9,78,0,0
2,5161,6,0,393986,-82757,199,-9,78,0,0
1,5163,6,0,393986,-82757,198,-8,78,0,0
1,5164,6,0,393986,-82757,196,-9,78,0,0
2,5164,6,0,393986,-82757,196,-9,78,0,0
1,5165,6,0,393986,-82757,195,-9,78,0,0
2,5165,6,0,393986,-82757,195,-9,78,0,0
1,5166,6,0,393986,-82757,194,-9,78,0,0
2,5166,6,0,393986,-82757,194,-9,78,0,0
1,5167,6,0,393986,-82757,193,-9,79,0,0
2,5167,6,0,393986,-82757,193,-9,79,0,0
1,5168,6,0,393986,-82757,193,-8,78,0,0
1,5171,6,0,393986,-82757,190,-9,78,0,0
2,5171,6,0,393986,-82757,190,-9,78,0,0
1,5172,6,0,393986,-82757,189,-9,78,0,0
2,5172,6,0,393986,-82757,189,-9,78,0,0
1,5173,6,0,393986,-82757,188,-9,78,0,0
2,5173,6,0,393986,-82757,188,-9,78,0,0
1,5174,6,0,393986,-82757,187,-9,78,0,0
2,5174,6,0,393986,-82757,187,-9,78,0,0
1,5175,6,0,393987,-82757,186,-9,78,0,0
2,5175,6,0,393987,-82757,186,-9,78,0,0
1,5177,6,0,393987,-82757,184,-9,78,0,0
2,5177,6,0,393987,-82757,184,-9,78,0,0
1,5178,6,0,393987,-82757,183,-9,79,0,0
2,5178,6,0,393987,-82757,183,-9,79,0,0
1,5179,6,0,393987,-82757,183,-8,79,0,0
2,5179,6,0,393987,-82757,183,-8,79,0,0
1,5180,6,0,393987,-82757,182,-8,78,0,0
2,5180,6,0,393987,-82757,182,-8,78,0,0
1,5181,6,0,393987,-82757,181,-9,78,0,0
2,5181,6,0,393987,-82757,181,-9,78,0,0
1,5184,6,0,393987,-82756,178,-8,79,0,0
2,5184,6,0,393987,-82756,178,-8,79,0,0
2,5186,6,0,393987,-82756,176,-8,79,0,0
1,5187,6,0,393987,-82756,175,-9,79,0,0
2,5187,6,0,393987,-82756,175,-9,79,0,0
1,5188,6,0,393987,-82756,173,-10,78,0,0
2,5188,6,0,393987,-82756,173,-10,78,0,0
1,5192,6,0,393987,-82756,170,-9,78,0,0
2,5192,6,0,393987,-82756,170,-9,78,0,0
1,5193,6,0,393988,-82756,169,-9,78,0,0
2,5193,6,0,393988,-82756,169,-9,78,0,0
2,5197,6,0,393988,-82756,164,-10,78,0,0
1,5197,6,0,393988,-82756,164,-10,78,0,0
1,5201,6,0,393988,-82756,162,-8,78,0,0
2,5201,6,0,393988,-82756,162,-8,78,0,0
1,5206,6,0,393988,-82756,158,-8,78,0,0
1,5211,6,0,393988,-82756,153,-9,78,0,0
2,5211,6,0,393988,-82756,153,-9,78,0,0
1,5215,6,0,393989,-82756,150,-8,78,0,0
2,5215,6,0,393989,-82756,150,-8,78,0,0
1,5219,6,0,393989,-82755,145,-9,78,0,0
2,5219,6,0,393989,-82755,145,-9,78,0,0
1,5220,6,0,393989,-82755,144,-9,78,0,0
2,5220,6,0,393989,-82755,144,-9,78,0,0
1,5221,6,0,393989,-82755,143,-9,78,0,0
2,5221,6,0,393989,-82755,143,-9,78,0,0
1,5222,6,0,393989,-82755,143,-9,78,0,0
2,5222,6,0,393989,-82755,143,-9,78,0,0
1,5223,6,0,393989,-82755,143,-8,78,0,0
2,5223,6,0,393989,-82755,143,-8,78,0,0
1,5226,6,0,393989,-82755,139,-9,78,0,0
1,5227,6,0,393989,-82755,138,-9,78,0,0
2,5227,6,0,393989,-82755,138,-9,78,0,0
1,5228,6,0,393989,-82755,137,-9,78,0,0
2,5228,6,0,393989,-82755,137,-9,78,0,0
1,5229,6,0,393989,-82755,137,-8,78,0,0
2,5229,6,0,393989,-82755,137,-8,78,0,0
1,5232,6,0,393989,-82755,134,-8,78,0,0
2,5232,6,0,393989,-82755,134,-8,78,0,0
1,5233,6,0,393990,-82755,133,-9,78,0,0
2,5233,6,0,393990,-82755,133,-9,78,0,0
1,5235,6,0,393990,-82755,130,-9,78,0,0
2,5235,6,0,393990,-82755,130,-9,78,0,0
1,5237,6,0,393990,-82755,129,-8,78,0,0
2,5237,6,0,393990,-82755,129,-8,78,0,0
1,5238,6,0,393990,-82755,129,-8,79,0,0
2,5238,6,0,393990,-82755,129,-8,79,0,0
1,5240,6,0,393990,-82755,127,-9,78,0,0
2,5240,6,0,393990,-82755,127,-9,78,0,0
1,5241,6,0,393990,-82755,125,-9,78,0,0
1,5243,6,0,393990,-82755,123,-10,78,0,0
2,5246,6,0,393990,-82755,121,-8,78,0,0
2,5252,6,0,393991,-82755,115,-9,78,0,0
1,5257,6,0,393991,-82755,110,-9,78,0,0
2,5257,6,0,393991,-82755,110,-9,78,0,0
1,5260,6,0,393991,-82755,109,-8,79,0,0
2,5260,6,0,393991,-82755,109,-8,79,0,0
1,5264,6,0,393991,-82754,104,-9,79,0,0
2,5264,6,0,393991,-82754,104,-9,79,0,0
1,5269,6,0,393991,-82754,100,-8,78,0,0
1,5272,6,0,393992,-82754,96,-10,79,0,0
2,5272,6,0,393992,-82754,96,-10,79,0,0
1,5273,6,0,393992,-82754,95,-9,79,0,0
2,5273,6,0,393992,-82754,95,-9,79,0,0
1,5274,6,0,393992,-82754,95,-9,78,0,0
2,5274,6,0,393992,-82754,95,-9,78,0,0
1,5275,6,0,393992,-82754,94,-9,79,0,0
1,5277,6,0,393992,-82754,91,-10,78,0,0
2,5277,6,0,393992,-82754,91,-10,78,0,0
1,5280,6,0,393992,-82754,88,-9,79,0,0
1,5282,6,0,393992,-82754,87,-9,79,0,0
2,5282,6,0,393992,-82754,87,-9,79,0,0
1,5284,6,0,393992,-82754,85,-9,78,0,0
2,5284,6,0,393992,-82754,85,-9,78,0,0
1,5286,6,0,393992,-82754,83,-9,79,0,0
2,5286,6,0,393992,-82754,83,-9,79,0,0
1,5287,6,0,393992,-82754,82,-9,79,0,0
2,5287,6,0,393992,-82754,82,-9,79,0,0
1,5288,6,0,393992,-82754,81,-8,79,0,0
2,5288,6,0,393992,-82754,81,-8,79,0,0
1,5292,6,0,393993,-82754,77,-10,79,0,0
2,5292,6,0,393993,-82754,77,-10,79,0,0
1,5295,6,0,393993,-82754,74,-9,79,0,0
2,5295,6,0,393993,-82754,74,-9,79,0,0
1,5299,6,0,393993,-82754,71,-8,79,0,0
2,5299,6,0,393993,-82754,71,-8,79,0,0
1,5304,6,0,393993,-82754,67,-8,78,0,0
2,5304,6,0,393993,-82754,67,-8,78,0,0
1,5306,6,0,393993,-82754,64,-9,79,0,0
2,5306,6,0,393993,-82754,64,-9,79,0,0
1,5309,6,0,393993,-82754,61,-9,79,0,0
2,5309,6,0,393993,-82754,61,-9,79,0,0
1,5310,6,0,393994,-82754,61,-9,79,0,0
2,5310,6,0,393994,-82754,61,-9,79,0,0
1,5312,6,0,393994,-82754,60,-8,78,0,0
2,5312,6,0,393994,-82754,60,-8,78,0,0
2,5317,6,0,393994,-82754,54,-9,79,0,0
1,5320,6,0,393994,-82754,52,-8,79,0,0
2,5320,6,0,393994,-82754,52,-8,79,0,0
2,5321,6,0,393994,-82754,51,-8,78,0,0
1,5324,6,0,393994,-82753,47,-9,79,0,0
2,5324,6,0,393994,-82753,47,-9,79,0,0
2,5325,6,0,393994,-82753,46,-9,79,0,0
1,5326,6,0,393994,-82753,46,-9,79,0,0
2,5326,6,0,393994,-82753,46,-9,79,0,0
1,5327,6,0,393994,-82753,45,-8,79,0,0
2,5327,6,0,393994,-82753,45,-8,79,0,0
1,5328,6,0,393994,-82753,45,-8,79,0,0
2,5328,6,0,393994,-82753,45,-8,79,0,0
1,5329,6,0,393994,-82753,44,-8,78,0,0
2,5329,6,0,393994,-82753,44,-8,78,0,0
2,5332,6,0,393995,-82753,41,-8,78,0,0
1,5333,6,0,393995,-82753,41,-8,79,0,0
2,5333,6,0,393995,-82753,41,-8,79,0,0
1,5334,6,0,393995,-82753,40,-8,79,0,0
1,5337,6,0,393995,-82753,37,-8,79,0,0
2,5337,6,0,393995,-82753,37,-8,79,0,0
1,5339,6,0,393995,-82753,34,-9,79,0,0
2,5339,6,0,393995,-82753,34,-9,79,0,0
1,5341,6,0,393995,-82753,33,-8,78,0,0
